-- MySQL dump 10.13  Distrib 5.7.19, for Linux (x86_64)
--
-- Host: localhost    Database: IN_Photo
-- ------------------------------------------------------
-- Server version	5.7.19

/*!40101 SET @OLD_CHARACTER_SET_CLIENT=@@CHARACTER_SET_CLIENT */;
/*!40101 SET @OLD_CHARACTER_SET_RESULTS=@@CHARACTER_SET_RESULTS */;
/*!40101 SET @OLD_COLLATION_CONNECTION=@@COLLATION_CONNECTION */;
/*!40101 SET NAMES utf8 */;
/*!40103 SET @OLD_TIME_ZONE=@@TIME_ZONE */;
/*!40103 SET TIME_ZONE='+00:00' */;
/*!40014 SET @OLD_UNIQUE_CHECKS=@@UNIQUE_CHECKS, UNIQUE_CHECKS=0 */;
/*!40014 SET @OLD_FOREIGN_KEY_CHECKS=@@FOREIGN_KEY_CHECKS, FOREIGN_KEY_CHECKS=0 */;
/*!40101 SET @OLD_SQL_MODE=@@SQL_MODE, SQL_MODE='NO_AUTO_VALUE_ON_ZERO' */;
/*!40111 SET @OLD_SQL_NOTES=@@SQL_NOTES, SQL_NOTES=0 */;

--
-- Table structure for table `admin_category`
--

DROP TABLE IF EXISTS `admin_category`;
/*!40101 SET @saved_cs_client     = @@character_set_client */;
/*!40101 SET character_set_client = utf8 */;
CREATE TABLE `admin_category` (
  `admin_id` int(11) NOT NULL,
  `category_id` int(11) NOT NULL,
  PRIMARY KEY (`admin_id`,`category_id`)
) ENGINE=InnoDB DEFAULT CHARSET=utf8;
/*!40101 SET character_set_client = @saved_cs_client */;

--
-- Dumping data for table `admin_category`
--

LOCK TABLES `admin_category` WRITE;
/*!40000 ALTER TABLE `admin_category` DISABLE KEYS */;
INSERT INTO `admin_category` VALUES (1,1),(1,2),(1,3),(1,4),(1,5),(6,1),(6,2),(6,3),(6,4),(6,5);
/*!40000 ALTER TABLE `admin_category` ENABLE KEYS */;
UNLOCK TABLES;

--
-- Table structure for table `admin_info`
--

DROP TABLE IF EXISTS `admin_info`;
/*!40101 SET @saved_cs_client     = @@character_set_client */;
/*!40101 SET character_set_client = utf8 */;
CREATE TABLE `admin_info` (
  `admin_id` int(11) NOT NULL AUTO_INCREMENT,
  `admin_name` varchar(45) DEFAULT NULL,
  `password` varchar(45) NOT NULL,
  `phone` varchar(20) DEFAULT NULL,
  `email` varchar(45) NOT NULL,
  `create_time` timestamp NOT NULL DEFAULT CURRENT_TIMESTAMP,
  `admin_statu` char(2) DEFAULT NULL,
  PRIMARY KEY (`admin_id`)
) ENGINE=InnoDB AUTO_INCREMENT=7 DEFAULT CHARSET=utf8;
/*!40101 SET character_set_client = @saved_cs_client */;

--
-- Dumping data for table `admin_info`
--

LOCK TABLES `admin_info` WRITE;
/*!40000 ALTER TABLE `admin_info` DISABLE KEYS */;
INSERT INTO `admin_info` VALUES (1,'inshow_admin','C01C624C6E877C2782B7435EFD0290C8','18817774173','chen.ming@in-show.com.cn','2017-08-21 08:21:48','0'),(6,'chenming','292903B8139FA4593619D52C706DC03B','17087950984','245996149@qq.com','2017-08-22 06:34:54','0');
/*!40000 ALTER TABLE `admin_info` ENABLE KEYS */;
UNLOCK TABLES;

--
-- Table structure for table `admin_module_info`
--

DROP TABLE IF EXISTS `admin_module_info`;
/*!40101 SET @saved_cs_client     = @@character_set_client */;
/*!40101 SET character_set_client = utf8 */;
CREATE TABLE `admin_module_info` (
  `module_id` int(11) NOT NULL AUTO_INCREMENT,
  `name` varchar(45) NOT NULL,
  PRIMARY KEY (`module_id`)
) ENGINE=InnoDB AUTO_INCREMENT=5 DEFAULT CHARSET=utf8;
/*!40101 SET character_set_client = @saved_cs_client */;

--
-- Dumping data for table `admin_module_info`
--

LOCK TABLES `admin_module_info` WRITE;
/*!40000 ALTER TABLE `admin_module_info` DISABLE KEYS */;
INSERT INTO `admin_module_info` VALUES (1,'客户管理'),(2,'套餐管理'),(3,'用户管理'),(4,'角色管理');
/*!40000 ALTER TABLE `admin_module_info` ENABLE KEYS */;
UNLOCK TABLES;

--
-- Table structure for table `admin_role`
--

DROP TABLE IF EXISTS `admin_role`;
/*!40101 SET @saved_cs_client     = @@character_set_client */;
/*!40101 SET character_set_client = utf8 */;
CREATE TABLE `admin_role` (
  `admin_id` int(11) NOT NULL,
  `role_id` int(11) NOT NULL,
  PRIMARY KEY (`admin_id`,`role_id`)
) ENGINE=InnoDB DEFAULT CHARSET=utf8;
/*!40101 SET character_set_client = @saved_cs_client */;

--
-- Dumping data for table `admin_role`
--

LOCK TABLES `admin_role` WRITE;
/*!40000 ALTER TABLE `admin_role` DISABLE KEYS */;
INSERT INTO `admin_role` VALUES (1,1),(6,9);
/*!40000 ALTER TABLE `admin_role` ENABLE KEYS */;
UNLOCK TABLES;

--
-- Table structure for table `admin_role_info`
--

DROP TABLE IF EXISTS `admin_role_info`;
/*!40101 SET @saved_cs_client     = @@character_set_client */;
/*!40101 SET character_set_client = utf8 */;
CREATE TABLE `admin_role_info` (
  `role_id` int(11) NOT NULL AUTO_INCREMENT,
  `name` varchar(45) NOT NULL,
  PRIMARY KEY (`role_id`)
) ENGINE=InnoDB AUTO_INCREMENT=10 DEFAULT CHARSET=utf8;
/*!40101 SET character_set_client = @saved_cs_client */;

--
-- Dumping data for table `admin_role_info`
--

LOCK TABLES `admin_role_info` WRITE;
/*!40000 ALTER TABLE `admin_role_info` DISABLE KEYS */;
INSERT INTO `admin_role_info` VALUES (1,'管理员'),(9,'执行');
/*!40000 ALTER TABLE `admin_role_info` ENABLE KEYS */;
UNLOCK TABLES;

--
-- Table structure for table `admin_role_module`
--

DROP TABLE IF EXISTS `admin_role_module`;
/*!40101 SET @saved_cs_client     = @@character_set_client */;
/*!40101 SET character_set_client = utf8 */;
CREATE TABLE `admin_role_module` (
  `role_id` int(11) NOT NULL,
  `module_id` int(11) NOT NULL,
  PRIMARY KEY (`role_id`,`module_id`)
) ENGINE=InnoDB DEFAULT CHARSET=utf8;
/*!40101 SET character_set_client = @saved_cs_client */;

--
-- Dumping data for table `admin_role_module`
--

LOCK TABLES `admin_role_module` WRITE;
/*!40000 ALTER TABLE `admin_role_module` DISABLE KEYS */;
INSERT INTO `admin_role_module` VALUES (1,1),(1,2),(1,3),(1,4),(9,1);
/*!40000 ALTER TABLE `admin_role_module` ENABLE KEYS */;
UNLOCK TABLES;

--
-- Table structure for table `category`
--

DROP TABLE IF EXISTS `category`;
/*!40101 SET @saved_cs_client     = @@character_set_client */;
/*!40101 SET character_set_client = utf8 */;
CREATE TABLE `category` (
  `category_id` int(3) NOT NULL AUTO_INCREMENT COMMENT '套餐id',
  `category_code` varchar(20) NOT NULL COMMENT '套餐简码',
  `category_name` varchar(20) NOT NULL COMMENT '套餐名称',
  `made_gif` tinyint(4) NOT NULL DEFAULT '0',
  `gif_transparency` tinyint(4) NOT NULL DEFAULT '0',
  `category_note` varchar(45) DEFAULT NULL,
  PRIMARY KEY (`category_id`)
) ENGINE=InnoDB AUTO_INCREMENT=6 DEFAULT CHARSET=utf8;
/*!40101 SET character_set_client = @saved_cs_client */;

--
-- Dumping data for table `category`
--

LOCK TABLES `category` WRITE;
/*!40000 ALTER TABLE `category` DISABLE KEYS */;
INSERT INTO `category` VALUES (1,'gif2','gif2.0系统',1,1,' 制作透明背景的GIF动画'),(2,'gif1','gif1.0系统',1,0,' 制作普通gif动画'),(3,'slr','单反拍照系统',0,0,'单反实拍'),(4,'slrg','单反拍照抠像系统',0,0,'单反拍照抠像'),(5,'wm','魔镜',0,0,'魔镜');
/*!40000 ALTER TABLE `category` ENABLE KEYS */;
UNLOCK TABLES;

--
-- Table structure for table `code_webinfo`
--

DROP TABLE IF EXISTS `code_webinfo`;
/*!40101 SET @saved_cs_client     = @@character_set_client */;
/*!40101 SET character_set_client = utf8 */;
CREATE TABLE `code_webinfo` (
  `code_webinfo_id` bigint(20) NOT NULL AUTO_INCREMENT,
  `user_id` bigint(20) NOT NULL,
  `category_id` int(3) NOT NULL,
  `page_title` varchar(20) DEFAULT NULL,
  `background` varchar(255) DEFAULT NULL,
  `input_top` float(5,2) DEFAULT NULL,
  `input_left` float(5,2) DEFAULT NULL,
  `input_right` float(5,2) DEFAULT NULL,
  `input_bottom` float(5,2) DEFAULT NULL,
  `input_bg_color` varchar(10) DEFAULT NULL,
  `input_border_color` varchar(10) DEFAULT NULL,
  `input_text_color` varchar(10) DEFAULT NULL,
  `button_top` float(5,2) DEFAULT NULL,
  `button_left` float(5,2) DEFAULT NULL,
  `button_right` float(5,2) DEFAULT NULL,
  `button_bottom` float(5,2) DEFAULT NULL,
  `button_pic` varchar(255) DEFAULT NULL,
  `code_webinfo_state` char(1) DEFAULT NULL,
  PRIMARY KEY (`code_webinfo_id`)
) ENGINE=InnoDB DEFAULT CHARSET=utf8;
/*!40101 SET character_set_client = @saved_cs_client */;

--
-- Dumping data for table `code_webinfo`
--

LOCK TABLES `code_webinfo` WRITE;
/*!40000 ALTER TABLE `code_webinfo` DISABLE KEYS */;
/*!40000 ALTER TABLE `code_webinfo` ENABLE KEYS */;
UNLOCK TABLES;

--
-- Table structure for table `loginfo`
--

DROP TABLE IF EXISTS `loginfo`;
/*!40101 SET @saved_cs_client     = @@character_set_client */;
/*!40101 SET character_set_client = utf8 */;
CREATE TABLE `loginfo` (
  `loginfo_id` bigint(20) NOT NULL AUTO_INCREMENT,
  `user_id` bigint(20) DEFAULT NULL COMMENT '用户id',
  `category_id` int(11) DEFAULT NULL COMMENT '套餐系统id',
  `class` varchar(255) DEFAULT NULL COMMENT '操作的类',
  `method` varchar(255) DEFAULT NULL COMMENT '操作的方法',
  `line` int(11) DEFAULT NULL,
  `create_time` timestamp NULL DEFAULT CURRENT_TIMESTAMP COMMENT '时间',
  `log_level` varchar(20) DEFAULT NULL COMMENT '错误级别',
  `message` longtext COMMENT '错误信息',
  PRIMARY KEY (`loginfo_id`)
) ENGINE=InnoDB DEFAULT CHARSET=utf8;
/*!40101 SET character_set_client = @saved_cs_client */;

--
-- Dumping data for table `loginfo`
--

LOCK TABLES `loginfo` WRITE;
/*!40000 ALTER TABLE `loginfo` DISABLE KEYS */;
/*!40000 ALTER TABLE `loginfo` ENABLE KEYS */;
UNLOCK TABLES;

--
-- Table structure for table `media_code`
--

DROP TABLE IF EXISTS `media_code`;
/*!40101 SET @saved_cs_client     = @@character_set_client */;
/*!40101 SET character_set_client = utf8 */;
CREATE TABLE `media_code` (
  `media_code_id` bigint(20) NOT NULL AUTO_INCREMENT,
  `media_code` varchar(10) NOT NULL,
  `media_id` bigint(20) NOT NULL,
  `user_id` bigint(20) NOT NULL,
  `category_id` int(3) NOT NULL,
  PRIMARY KEY (`media_code_id`)
) ENGINE=InnoDB AUTO_INCREMENT=1320 DEFAULT CHARSET=utf8;
/*!40101 SET character_set_client = @saved_cs_client */;

--
-- Dumping data for table `media_code`
--

LOCK TABLES `media_code` WRITE;
/*!40000 ALTER TABLE `media_code` DISABLE KEYS */;
INSERT INTO `media_code` VALUES (1,'465125',32,2,3),(2,'415655',39,2,3),(3,'485075',48,2,3),(4,'415195',52,2,3),(5,'445916',53,2,3),(6,'425636',54,2,3),(7,'465066',55,2,3),(8,'455076',56,2,3),(9,'435676',57,2,3),(10,'445186',58,2,3),(11,'455496',59,2,3),(12,'475007',60,2,3),(13,'495317',61,2,3),(24,'465917',72,2,3),(25,'465437',73,2,3),(26,'495637',74,2,3),(27,'465247',75,2,3),(28,'485447',76,2,3),(29,'405747',77,2,3),(30,'415557',78,2,3),(31,'415128',79,2,3),(32,'405009',80,2,3),(33,'445529',81,2,3),(34,'415539',82,2,3),(35,'455739',83,2,3),(36,'405049',84,2,3),(37,'415349',85,2,3),(38,'425649',86,2,3),(39,'445059',87,2,3),(40,'415459',88,2,3),(41,'465659',89,2,3),(42,'485859',90,2,3),(43,'435169',91,2,3),(44,'445369',92,2,3),(45,'495799',93,2,3),(46,'436180',94,2,3),(47,'456980',95,2,3),(48,'456011',96,2,3),(49,'426911',97,2,3),(50,'436631',98,2,3),(51,'426931',99,2,3),(52,'496784',100,2,3),(53,'496927',101,2,3),(54,'426557',102,2,3),(55,'476567',103,2,3),(56,'416987',104,2,3),(57,'416718',105,2,3),(58,'496148',106,2,3),(59,'496468',107,2,3),(60,'466909',108,2,3),(61,'426819',109,2,3),(62,'502905',110,2,3),(63,'182913',117,2,3),(64,'753696',118,2,2),(65,'887149',119,2,2),(66,'855386',120,2,2),(67,'450950',121,2,2),(68,'129499',122,2,2),(69,'503263',123,2,2),(70,'578810',124,2,2),(71,'172158',125,2,2),(72,'829007',126,2,2),(73,'088612',127,2,2),(74,'1210',128,2,3),(75,'077712',129,2,3),(76,'085602',130,2,3),(77,'064901',131,2,3),(78,'575510',132,2,3),(79,'515401',133,2,3),(80,'545121',134,2,3),(81,'545031',135,2,3),(82,'545562',136,2,3),(83,'505072',137,2,3),(84,'515317',138,2,3),(85,'555327',139,2,3),(86,'575437',140,2,3),(87,'641942',141,2,3),(88,'661572',142,2,3),(89,'661663',143,2,3),(90,'671093',144,2,3),(91,'641214',145,2,3),(92,'691434',146,2,3),(93,'651144',147,2,3),(94,'601864',148,2,3),(95,'641574',149,2,3),(96,'641184',150,2,3),(97,'681094',151,2,3),(98,'631594',152,2,3),(99,'611855',153,2,3),(100,'601475',154,2,3),(101,'641295',155,2,3),(102,'661695',156,2,3),(103,'601226',157,2,3),(104,'621156',158,2,3),(105,'661057',159,2,3),(106,'611857',160,2,3),(107,'611228',161,2,3),(108,'621538',162,2,3),(109,'651248',163,2,3),(110,'661258',164,2,3),(111,'671398',165,2,3),(112,'691929',166,2,3),(113,'662320',167,2,3),(114,'692730',168,2,3),(115,'612561',169,2,3),(116,'682291',170,2,3),(117,'602802',171,2,3),(118,'672022',172,2,3),(119,'652622',173,2,3),(120,'682632',174,2,3),(121,'612892',175,2,3),(122,'602623',176,2,3),(123,'682743',177,2,3),(124,'692263',178,2,3),(125,'602594',179,2,3),(126,'662417',180,2,3),(127,'672627',181,2,3),(128,'672947',182,2,3),(129,'622618',183,2,3),(130,'662898',184,2,3),(131,'612909',185,2,3),(132,'642129',186,2,3),(133,'672829',187,2,3),(134,'602549',188,2,3),(135,'632559',189,2,3),(136,'662079',190,2,3),(137,'632689',191,2,3),(138,'603221',192,2,3),(139,'633621',193,2,3),(140,'633232',194,2,3),(141,'663303',195,2,3),(142,'673857',196,2,3),(143,'663428',197,2,3),(144,'623638',198,2,3),(145,'663248',199,2,3),(146,'683458',200,2,3),(147,'629557',201,2,3),(148,'689957',202,2,3),(149,'679749',203,2,3),(150,'679359',204,2,3),(151,'689479',205,2,3),(152,'720401',206,2,3),(153,'700062',207,2,3),(154,'790973',208,2,3),(155,'111111',210,2,1),(156,'790117',211,2,3),(157,'740927',212,2,1),(158,'720347',213,2,1),(159,'273339',214,2,1),(160,'638293',215,2,1),(161,'758475',216,2,1),(162,'697209',217,2,1),(163,'538781',218,2,1),(164,'432049',219,2,1),(165,'211921',220,2,1),(166,'578430',221,2,1),(167,'565459',222,2,1),(168,'038468',223,2,1),(169,'107484',224,2,1),(170,'710208',225,2,3),(171,'720018',226,2,3),(172,'711312',227,2,1),(173,'761192',228,2,3),(174,'711692',229,2,1),(175,'711913',230,2,1),(176,'711873',231,2,1),(177,'731204',232,2,3),(178,'731334',233,2,3),(179,'791734',234,2,3),(180,'741844',235,2,3),(181,'711244',236,2,1),(182,'781064',237,2,1),(183,'771474',238,2,3),(184,'761184',239,2,3),(185,'711198',240,2,3),(186,'771598',241,2,3),(187,'702500',242,2,3),(188,'712460',243,2,3),(189,'752970',244,2,3),(190,'702290',245,2,3),(191,'752601',246,2,3),(192,'722221',247,2,3),(193,'752331',248,2,3),(194,'742341',249,2,3),(195,'742751',250,2,3),(196,'702971',251,2,3),(197,'762391',252,2,3),(198,'722202',253,2,3),(199,'742602',254,2,3),(200,'702042',255,2,3),(201,'782842',256,2,3),(202,'762452',257,2,3),(203,'752862',258,2,3),(204,'742272',259,2,3),(205,'772492',260,2,3),(206,'702723',261,2,3),(207,'792854',262,2,3),(208,'772094',263,2,3),(209,'792284',264,2,1),(210,'772894',265,2,3),(211,'742594',266,2,1),(212,'712515',267,2,3),(213,'792205',268,2,1),(214,'792905',269,2,1),(215,'732815',270,2,1),(216,'742635',271,2,1),(217,'712578',272,2,1),(218,'788594',273,2,3),(219,'778367',274,2,3),(220,'799339',275,2,1),(221,'890731',276,2,1),(222,'850461',277,2,1),(223,'182815',278,2,1),(224,'638770',279,2,1),(225,'800545',280,2,3),(226,'820546',281,2,3),(227,'194383',282,2,1),(228,'212661',283,2,3),(229,'391890',284,2,1),(230,'301651',285,2,1),(231,'471591',286,2,1),(232,'451662',287,2,1),(233,'461372',288,2,1),(234,'491182',289,2,1),(235,'491882',290,2,1),(236,'411692',291,2,1),(237,'401163',292,2,1),(238,'451187',293,2,1),(239,'461887',294,2,1),(240,'842857',295,2,3),(241,'852667',296,2,3),(242,'939916',297,2,1),(243,'959577',298,2,1),(244,'021776',299,2,1),(245,'032044',300,2,3),(246,'032254',301,2,3),(247,'052854',302,2,3),(248,'052764',303,2,3),(249,'022874',304,2,3),(250,'032684',305,2,3),(251,'052636',306,2,3),(252,'082746',307,2,3),(253,'072337',308,2,3),(254,'298975',309,2,1),(255,'248995',310,2,1),(256,'385305',311,2,1),(257,'305345',312,2,2),(258,'375876',313,2,1),(259,'345607',314,2,1),(260,'305468',315,2,2),(261,'385378',316,2,2),(262,'315788',317,2,1),(263,'583465',318,2,3),(264,'505952',319,2,1),(265,'555468',320,2,3),(266,'555778',321,2,3),(267,'585088',322,2,3),(268,'515588',323,2,3),(269,'575098',324,2,3),(270,'620493',325,2,1),(271,'660214',326,2,1),(272,'670793',327,2,3),(273,'600724',328,2,3),(274,'620225',329,2,1),(275,'610355',330,2,2),(276,'670885',331,2,2),(277,'693730',332,2,3),(278,'603970',333,2,3),(279,'613121',334,2,3),(280,'683281',335,2,3),(281,'633352',336,2,3),(282,'613672',337,2,3),(283,'693882',338,2,3),(284,'673492',339,2,3),(285,'623114',340,2,3),(286,'653124',341,2,3),(287,'673634',342,2,3),(288,'693934',343,2,3),(289,'673774',344,2,2),(290,'623394',345,2,2),(291,'623194',346,2,3),(292,'643745',347,2,2),(293,'603565',348,2,3),(294,'623285',349,2,3),(295,'633316',350,2,2),(296,'643706',351,2,3),(297,'673956',352,2,2),(298,'653936',353,2,3),(299,'663256',354,2,3),(300,'613576',355,2,3),(301,'643786',356,2,3),(302,'633417',357,2,2),(303,'613807',358,2,3),(304,'613037',359,2,3),(305,'633357',360,2,2),(306,'663557',361,2,3),(307,'663767',362,2,3),(308,'643938',363,2,3),(309,'604843',364,2,3),(310,'654673',365,2,2),(311,'684893',366,2,2),(312,'614814',367,2,2),(313,'674644',368,2,2),(314,'654294',369,2,3),(315,'694705',370,2,3),(316,'836533',371,2,3),(317,'192484',372,2,3),(318,'102305',373,2,3),(319,'172615',374,2,3),(320,'102735',375,2,3),(321,'162445',376,2,3),(322,'112255',377,2,3),(323,'182855',378,2,3),(324,'142706',379,2,3),(325,'143794',380,2,3),(326,'183705',381,2,3),(327,'103685',382,2,3),(328,'193516',383,2,3),(329,'103526',384,2,3),(330,'163266',385,2,3),(331,'183986',386,2,3),(332,'173007',387,2,3),(333,'113079',388,2,3),(334,'143789',389,2,3),(335,'173899',390,2,3),(336,'164800',391,2,3),(337,'144020',392,2,3),(338,'104820',393,2,3),(339,'164940',394,2,3),(340,'114341',395,2,3),(341,'114561',396,2,3),(342,'174213',397,2,3),(343,'154384',398,2,3),(344,'222471',399,2,3),(345,'252991',400,2,3),(346,'252082',401,2,3),(347,'262913',402,2,3),(348,'212435',403,2,3),(349,'212685',404,2,3),(350,'212395',405,2,3),(351,'232306',406,2,3),(352,'282647',407,2,3),(353,'282867',408,2,3),(354,'232178',409,2,3),(355,'262798',410,2,3),(356,'272888',411,2,3),(357,'212698',412,2,3),(358,'242809',413,2,3),(359,'292819',414,2,3),(360,'212859',415,2,3),(361,'292979',416,2,3),(362,'215353',417,2,3),(363,'300509',418,2,3),(364,'380849',419,2,3),(365,'330189',420,2,3),(366,'391822',421,2,3),(367,'301242',422,2,3),(368,'351162',423,2,3),(369,'371682',424,2,3),(370,'331203',425,2,3),(371,'351903',426,2,3),(372,'381213',427,2,3),(373,'381123',428,2,3),(374,'371133',429,2,3),(375,'381638',430,2,3),(376,'322802',431,2,3),(377,'392214',432,2,3),(378,'312424',433,2,3),(379,'352544',434,2,3),(380,'352595',435,2,3),(381,'382856',436,2,3),(382,'332176',437,2,3),(383,'312438',438,2,3),(384,'372448',439,2,3),(385,'392958',440,2,3),(386,'392368',441,2,3),(387,'312278',442,2,3),(388,'372888',443,2,3),(389,'332898',444,2,3),(390,'392509',445,2,3),(391,'352319',446,2,3),(392,'372129',447,2,3),(393,'392939',448,2,3),(394,'372949',449,2,3),(395,'303930',450,2,3),(396,'373840',451,2,3),(397,'303650',452,2,3),(398,'343660',453,2,3),(399,'323470',454,2,3),(400,'477064',455,2,3),(401,'427069',456,2,3),(402,'468362',457,2,3),(403,'498023',458,2,3),(404,'438943',459,2,3),(405,'408073',460,2,3),(406,'468163',461,2,3),(407,'488283',462,2,3),(408,'468224',463,2,3),(409,'438205',464,2,3),(410,'438545',465,2,3),(411,'498599',466,2,3),(412,'429711',467,2,3),(413,'419571',468,2,3),(414,'449881',469,2,3),(415,'489302',470,2,3),(416,'459512',471,2,3),(417,'489842',472,2,3),(418,'429162',473,2,3),(419,'489872',474,2,3),(420,'479392',475,2,3),(421,'409603',476,2,3),(422,'419223',477,2,3),(423,'439133',478,2,3),(424,'409933',479,2,3),(425,'439743',480,2,3),(426,'479414',481,2,3),(427,'449834',482,2,3),(428,'419974',483,2,3),(429,'489335',484,2,3),(430,'419635',485,2,3),(431,'409835',486,2,3),(432,'499935',487,2,3),(433,'499145',488,2,3),(434,'584949',489,2,3),(435,'535560',490,2,3),(436,'518840',491,2,3),(437,'598650',492,2,3),(438,'518860',493,2,3),(439,'518170',494,2,3),(440,'654872',495,2,3),(441,'664682',496,2,3),(442,'694692',497,2,3),(443,'634403',498,2,3),(444,'654713',499,2,3),(445,'694623',500,2,3),(446,'674673',501,2,3),(447,'644783',502,2,3),(448,'624293',503,2,3),(449,'604793',504,2,3),(450,'684624',505,2,3),(451,'664715',506,2,3),(452,'684855',507,2,3),(453,'654155',508,2,3),(454,'684755',509,2,3),(455,'694085',510,2,3),(456,'614795',511,2,3),(457,'664206',512,2,3),(458,'624426',513,2,3),(459,'614766',514,2,3),(460,'624386',515,2,3),(461,'674796',516,2,3),(462,'644327',517,2,3),(463,'655542',518,2,3),(464,'695062',519,2,3),(465,'605282',520,2,3),(466,'685692',521,2,3),(467,'646392',522,2,3),(468,'606194',523,2,3),(469,'606694',524,2,3),(470,'606715',525,2,3),(471,'666025',526,2,3),(472,'626325',527,2,3),(473,'696465',528,2,3),(474,'656946',529,2,3),(475,'676476',530,2,3),(476,'782233',531,2,3),(477,'712633',532,2,3),(478,'742893',533,2,3),(479,'782204',534,2,3),(480,'702504',535,2,3),(481,'722704',536,2,3),(482,'792334',537,2,3),(483,'752174',538,2,3),(484,'752374',539,2,3),(485,'772794',540,2,3),(486,'722875',541,2,3),(487,'752585',542,2,3),(488,'752006',543,2,3),(489,'712026',544,2,3),(490,'722226',545,2,3),(491,'722236',546,2,3),(492,'782636',547,2,3),(493,'772246',548,2,3),(494,'762756',549,2,3),(495,'762366',550,2,3),(496,'752766',551,2,3),(497,'762276',552,2,3),(498,'702676',553,2,3),(499,'712286',554,2,3),(500,'752886',555,2,3),(501,'712896',556,2,3),(502,'712637',557,2,3),(503,'722937',558,2,3),(504,'732797',559,2,3),(505,'712018',560,2,3),(506,'782238',561,2,3),(507,'762448',562,2,3),(508,'712978',563,2,3),(509,'732898',564,2,3),(510,'712129',565,2,3),(511,'782849',566,2,3),(512,'702279',567,2,3),(513,'772479',568,2,3),(514,'712589',569,2,3),(515,'702399',570,2,3),(516,'792499',571,2,3),(517,'763820',572,2,3),(518,'733030',573,2,3),(519,'713730',574,2,3),(520,'743040',575,2,3),(521,'753560',576,2,3),(522,'763770',577,2,3),(523,'773490',578,2,3),(524,'763890',579,2,3),(525,'753011',580,2,3),(526,'723811',581,2,3),(527,'753031',582,2,3),(528,'753831',583,2,3),(529,'703561',584,2,3),(530,'753671',585,2,3),(531,'754622',586,2,3),(532,'880588',587,2,3),(533,'801683',588,2,3),(534,'822729',589,2,3),(535,'822489',590,2,3),(536,'803410',591,2,3),(537,'883130',592,2,3),(538,'873130',593,2,3),(539,'813440',594,2,3),(540,'873340',595,2,3),(541,'843650',596,2,3),(542,'823211',597,2,3),(543,'843511',598,2,3),(544,'803021',599,2,3),(545,'873321',600,2,3),(546,'843721',601,2,3),(547,'803851',602,2,3),(548,'863461',603,2,3),(549,'813961',604,2,3),(550,'863971',605,2,3),(551,'883212',606,2,3),(552,'823673',607,2,3),(553,'813124',608,2,3),(554,'883925',609,2,3),(555,'853745',610,2,3),(556,'843655',611,2,3),(557,'803106',612,2,3),(558,'873586',613,2,3),(559,'883437',614,2,3),(560,'869238',615,2,3),(561,'849209',616,2,3),(562,'879619',617,2,3),(563,'879539',618,2,3),(564,'829859',619,2,3),(565,'849169',620,2,3),(566,'869469',621,2,3),(567,'849769',622,2,3),(568,'980220',623,2,3),(569,'950730',624,2,3),(570,'990940',625,2,3),(571,'950890',626,2,3),(572,'920901',627,2,3),(573,'910311',628,2,3),(574,'910261',629,2,3),(575,'900281',630,2,3),(576,'980881',631,2,3),(577,'980691',632,2,3),(578,'910102',633,2,3),(579,'970042',634,2,3),(580,'970365',635,2,3),(581,'980446',636,2,3),(582,'920756',637,2,3),(583,'900076',638,2,3),(584,'930586',639,2,3),(585,'940519',640,2,3),(586,'950919',641,2,3),(587,'970229',642,2,3),(588,'910529',643,2,3),(589,'950479',644,2,3),(590,'960189',645,2,3),(591,'970889',646,2,3),(592,'930499',647,2,3),(593,'951800',648,2,3),(594,'961210',649,2,3),(595,'971530',650,2,3),(596,'931340',651,2,3),(597,'911550',652,2,3),(598,'981560',653,2,3),(599,'911670',654,2,3),(600,'991880',655,2,3),(601,'991301',656,2,3),(602,'921011',657,2,3),(603,'991611',658,2,3),(604,'971521',659,2,3),(605,'941921',660,2,3),(606,'941631',661,2,3),(607,'961541',662,2,3),(608,'911941',663,2,3),(609,'911351',664,2,3),(610,'971651',665,2,3),(611,'911171',666,2,3),(612,'931671',667,2,3),(613,'991481',668,2,3),(614,'961391',669,2,3),(615,'921891',670,2,3),(616,'931602',671,2,3),(617,'901012',672,2,3),(618,'941422',673,2,3),(619,'921632',674,2,3),(620,'961142',675,2,3),(621,'951343',676,2,3),(622,'961353',677,2,3),(623,'941163',678,2,3),(624,'961663',679,2,3),(625,'901273',680,2,3),(626,'961773',681,2,3),(627,'941283',682,2,3),(628,'981404',683,2,3),(629,'951614',684,2,3),(630,'991524',685,2,3),(631,'971134',686,2,3),(632,'941634',687,2,3),(633,'961344',688,2,3),(634,'941744',689,2,3),(635,'901354',690,2,3),(636,'941854',691,2,3),(637,'981264',692,2,3),(638,'981664',693,2,3),(639,'931474',694,2,3),(640,'941774',695,2,3),(641,'451416',696,2,3),(642,'451426',697,2,3),(643,'422251',698,2,3),(644,'482681',699,2,3),(645,'452882',700,2,3),(646,'472592',701,2,3),(647,'422103',702,2,3),(648,'492703',703,2,3),(649,'402878',704,2,3),(650,'472798',705,2,3),(651,'422109',706,2,3),(652,'403584',707,2,1),(653,'463176',708,2,1),(654,'473247',709,2,1),(655,'473467',710,2,1),(656,'493148',711,2,1),(657,'483169',712,2,1),(658,'433969',713,2,3),(659,'484250',714,2,1),(660,'404170',715,2,1),(661,'414411',716,2,1),(662,'464461',717,2,1),(663,'464032',718,2,1),(664,'573612',719,2,3),(665,'553822',720,2,3),(666,'553932',721,2,3),(667,'563513',722,2,3),(668,'533163',723,2,3),(669,'543363',724,2,3),(670,'563973',725,2,3),(671,'533883',726,2,3),(672,'553714',727,2,3),(673,'573244',728,2,3),(674,'543694',729,2,3),(675,'583915',730,2,3),(676,'573525',731,2,3),(677,'518439',732,2,3),(678,'598989',733,2,3),(679,'529700',734,2,3),(680,'559131',735,2,3),(681,'559272',736,2,3),(682,'569613',737,2,3),(683,'579133',738,2,3),(684,'539406',739,2,3),(685,'519027',740,2,3),(686,'539549',741,2,3),(687,'559159',742,2,3),(688,'559269',743,2,3),(689,'599179',744,2,3),(690,'630350',745,2,3),(691,'640560',746,2,3),(692,'660570',747,2,3),(693,'640780',748,2,3),(694,'620101',749,2,3),(695,'690421',750,2,3),(696,'640051',751,2,3),(697,'680161',752,2,3),(698,'660961',753,2,3),(699,'670671',754,2,3),(700,'680481',755,2,3),(701,'690791',756,2,3),(702,'690802',757,2,3),(703,'620722',758,2,3),(704,'620242',759,2,3),(705,'670942',760,2,3),(706,'630262',761,2,3),(707,'600582',762,2,3),(708,'620192',763,2,3),(709,'660792',764,2,3),(710,'610633',765,2,3),(711,'690243',766,2,3),(712,'630743',767,2,3),(713,'670653',768,2,3),(714,'660763',769,2,3),(715,'680773',770,2,3),(716,'660683',771,2,3),(717,'660704',772,2,3),(718,'680344',773,2,3),(719,'600054',774,2,3),(720,'620069',775,2,3),(721,'600279',776,2,3),(722,'678897',777,2,3),(723,'678608',778,2,1),(724,'619782',779,2,1),(725,'700012',780,2,2),(726,'745449',781,2,1),(727,'705069',782,2,1),(728,'715879',783,2,1),(729,'756510',784,2,1),(730,'726520',785,2,1),(731,'796430',786,2,1),(732,'786440',787,2,1),(733,'736460',788,2,1),(734,'756970',789,2,1),(735,'756931',790,2,1),(736,'736462',791,2,2),(737,'786082',792,2,2),(738,'716413',793,2,2),(739,'786004',794,2,2),(740,'706214',795,2,2),(741,'736324',796,2,2),(742,'726334',797,2,2),(743,'756144',798,2,2),(744,'766254',799,2,2),(745,'736174',800,2,2),(746,'746684',801,2,2),(747,'706794',802,2,2),(748,'796605',803,2,2),(749,'796425',804,2,2),(750,'706435',805,2,2),(751,'736945',806,2,2),(752,'746065',807,2,2),(753,'776075',808,2,2),(754,'746975',809,2,2),(755,'756985',810,2,2),(756,'716206',811,2,2),(757,'776386',812,2,2),(758,'796596',813,2,2),(759,'766047',814,2,2),(760,'726208',815,2,2),(761,'736938',816,2,3),(762,'706388',817,2,3),(763,'747850',818,2,2),(764,'747802',819,2,2),(765,'747712',820,2,2),(766,'707865',821,2,3),(767,'797686',822,2,3),(768,'767058',823,2,3),(769,'758291',824,2,2),(770,'708302',825,2,2),(771,'758052',826,2,2),(772,'708972',827,2,2),(773,'708123',828,2,2),(774,'738663',829,2,2),(775,'798283',830,2,2),(776,'798524',831,2,2),(777,'758647',832,2,2),(778,'798767',833,2,2),(779,'758577',834,2,2),(780,'768987',835,2,2),(781,'854552',836,2,2),(782,'844183',837,2,2),(783,'864793',838,2,2),(784,'874494',839,2,2),(785,'804715',840,2,2),(786,'894825',841,2,2),(787,'814055',842,2,2),(788,'854075',843,2,2),(789,'834595',844,2,2),(790,'804216',845,2,2),(791,'804076',846,2,2),(792,'814187',847,2,2),(793,'814128',848,2,2),(794,'864558',849,2,2),(795,'874288',850,2,2),(796,'814598',851,2,2),(797,'824129',852,2,2),(798,'874629',853,2,2),(799,'834839',854,2,2),(800,'834759',855,2,2),(801,'865720',856,2,2),(802,'825201',857,2,2),(803,'865161',858,2,2),(804,'845222',859,2,2),(805,'885952',860,2,2),(806,'815692',861,2,2),(807,'805603',862,2,2),(808,'855313',863,2,2),(809,'855923',864,2,2),(810,'855514',865,2,2),(811,'865244',866,2,2),(812,'855754',867,2,2),(813,'885384',868,2,2),(814,'835505',869,2,2),(815,'815715',870,2,2),(816,'885075',871,2,2),(817,'875985',872,2,2),(818,'865507',873,2,2),(819,'805367',874,2,2),(820,'865918',875,2,2),(821,'845088',876,2,2),(822,'835919',877,2,2),(823,'865589',878,2,2),(824,'866930',879,2,2),(825,'856494',880,2,2),(826,'826855',881,2,2),(827,'856616',882,2,2),(828,'816728',883,2,2),(829,'817720',884,2,2),(830,'857340',885,2,2),(831,'837950',886,2,2),(832,'897401',887,2,2),(833,'913380',888,2,2),(834,'903202',889,2,2),(835,'943662',890,2,2),(836,'903043',891,2,3),(837,'973024',892,2,2),(838,'993924',893,2,2),(839,'953844',894,2,3),(840,'933944',895,2,2),(841,'923584',896,2,2),(842,'973515',897,2,2),(843,'903235',898,2,2),(844,'943845',899,2,2),(845,'913765',900,2,2),(846,'923885',901,2,3),(847,'903095',902,2,2),(848,'973406',903,2,3),(849,'993506',904,2,2),(850,'973316',905,2,3),(851,'933816',906,2,2),(852,'913776',907,2,3),(853,'963186',908,2,3),(854,'943676',909,2,2),(855,'983796',910,2,2),(856,'983127',911,2,3),(857,'913827',912,2,3),(858,'993167',913,2,2),(859,'903967',914,2,2),(860,'933738',915,2,2),(861,'953229',916,2,2),(862,'944310',917,2,2),(863,'984771',918,2,2),(864,'974981',919,2,2),(865,'904891',920,2,2),(866,'974312',921,2,2),(867,'964042',922,2,2),(868,'964942',923,2,2),(869,'914972',924,2,2),(870,'984982',925,2,2),(871,'984103',926,2,2),(872,'974513',927,2,2),(873,'954133',928,2,2),(874,'994043',929,2,2),(875,'954453',930,2,2),(876,'964163',931,2,2),(877,'974863',932,2,2),(878,'924283',933,2,2),(879,'924693',934,2,2),(880,'994804',935,2,2),(881,'984154',936,2,2),(882,'954764',937,2,2),(883,'984115',938,2,2),(884,'954335',939,2,2),(885,'914965',940,2,2),(886,'934656',941,2,2),(887,'944859',942,2,2),(888,'995700',943,2,2),(889,'945640',944,2,2),(890,'995501',945,2,2),(891,'955811',946,2,2),(892,'915551',947,2,2),(893,'985612',948,2,2),(894,'905832',949,2,2),(895,'925352',950,2,2),(896,'935862',951,2,2),(897,'975582',952,2,2),(898,'915503',953,2,2),(899,'975724',954,2,2),(900,'985244',955,2,2),(901,'995954',956,2,2),(902,'925674',957,2,2),(903,'995784',958,2,2),(904,'945906',959,2,2),(905,'975046',960,2,2),(906,'975167',961,2,2),(907,'051386',962,2,2),(908,'011767',963,2,2),(909,'061658',964,2,2),(910,'032921',965,2,2),(911,'032651',967,2,2),(912,'052222',968,2,3),(913,'022622',969,2,3),(914,'092572',970,2,2),(915,'082803',971,2,2),(916,'002084',972,2,2),(917,'092684',973,2,2),(918,'022936',974,2,2),(919,'052476',975,2,2),(920,'012986',976,2,2),(921,'082496',977,2,2),(922,'082996',978,2,3),(923,'002187',979,2,2),(924,'092959',980,2,2),(925,'032679',981,2,2),(926,'012199',982,2,2),(927,'023221',983,2,2),(928,'013921',984,2,2),(929,'033533',985,2,2),(930,'023843',986,2,2),(931,'043863',987,2,2),(932,'043434',988,2,2),(933,'083274',989,2,2),(934,'053984',990,2,2),(935,'023625',991,2,2),(936,'023835',992,2,2),(937,'043285',993,2,2),(938,'053695',994,2,2),(939,'043206',995,2,2),(940,'023416',996,2,2),(941,'053226',997,2,2),(942,'013336',998,2,2),(943,'033546',999,2,2),(944,'003456',1000,2,2),(945,'093966',1001,2,2),(946,'013086',1002,2,2),(947,'083607',1003,2,2),(948,'083717',1004,2,3),(949,'033127',1005,2,3),(950,'093668',1006,2,3),(951,'073678',1007,2,3),(952,'023188',1008,2,3),(953,'073488',1009,2,3),(954,'033819',1010,2,3),(955,'003339',1011,2,3),(956,'225590',1012,2,3),(957,'205401',1013,2,3),(958,'215311',1014,2,3),(959,'215811',1015,2,3),(960,'142259',1016,2,3),(961,'102889',1017,2,3),(962,'103400',1018,2,3),(963,'123170',1019,2,3),(964,'153580',1020,2,3),(965,'163431',1021,2,3),(966,'113641',1022,2,3),(967,'183751',1023,2,3),(968,'193291',1024,2,3),(969,'123102',1025,2,3),(970,'123602',1026,2,3),(971,'193842',1027,2,3),(972,'193852',1028,2,3),(973,'103662',1029,2,3),(974,'133472',1030,2,3),(975,'143182',1031,2,3),(976,'163382',1032,2,3),(977,'123792',1033,2,3),(978,'143023',1034,2,3),(979,'113863',1035,2,3),(980,'123505',1036,2,3),(981,'183886',1037,2,3),(982,'133696',1038,2,3),(983,'143207',1039,2,3),(984,'193507',1040,2,3),(985,'119271',1041,2,3),(986,'109022',1042,2,3),(987,'189033',1043,2,3),(988,'199333',1044,2,3),(989,'149633',1045,2,3),(990,'169833',1046,2,3),(991,'199243',1047,2,3),(992,'119543',1048,2,3),(993,'119743',1049,2,3),(994,'199943',1050,2,3),(995,'139453',1051,2,3),(996,'159653',1052,2,3),(997,'169853',1053,2,3),(998,'169063',1054,2,3),(999,'179263',1055,2,3),(1000,'139073',1056,2,3),(1001,'129573',1057,2,3),(1002,'139873',1058,2,3),(1003,'119083',1059,2,3),(1004,'139283',1060,2,3),(1005,'169783',1061,2,3),(1006,'159093',1062,2,3),(1007,'119593',1063,2,3),(1008,'169793',1064,2,3),(1009,'129104',1065,2,3),(1010,'129304',1066,2,3),(1011,'119014',1067,2,3),(1012,'149124',1068,2,3),(1013,'179534',1069,2,3),(1014,'179044',1070,2,3),(1015,'189244',1071,2,3),(1016,'129544',1072,2,3),(1017,'129744',1073,2,3),(1018,'139944',1074,2,3),(1019,'199154',1075,2,3),(1020,'149454',1076,2,3),(1021,'179164',1077,2,3),(1022,'199764',1078,2,3),(1023,'179194',1079,2,3),(1024,'149694',1080,2,3),(1025,'119994',1081,2,3),(1026,'109105',1082,2,3),(1027,'179205',1083,2,3),(1028,'169405',1084,2,3),(1029,'169605',1085,2,3),(1030,'179805',1086,2,3),(1031,'189015',1087,2,3),(1032,'149415',1088,2,3),(1033,'189615',1089,2,3),(1034,'159915',1090,2,3),(1035,'119325',1091,2,3),(1036,'119925',1092,2,3),(1037,'139655',1093,2,3),(1038,'199665',1094,2,3),(1039,'169575',1095,2,3),(1040,'129975',1096,2,3),(1041,'139285',1097,2,3),(1042,'189485',1098,2,3),(1043,'189685',1099,2,3),(1044,'109985',1100,2,3),(1045,'119295',1101,2,3),(1046,'159495',1102,2,3),(1047,'149795',1103,2,3),(1048,'169995',1104,2,3),(1049,'169106',1105,2,3),(1050,'159306',1106,2,3),(1051,'169506',1107,2,3),(1052,'179706',1108,2,3),(1053,'169906',1109,2,3),(1054,'169116',1110,2,3),(1055,'189416',1111,2,3),(1056,'119026',1112,2,3),(1057,'189426',1113,2,3),(1058,'139926',1114,2,3),(1059,'179136',1115,2,3),(1060,'189336',1116,2,3),(1061,'179536',1117,2,3),(1062,'109936',1118,2,3),(1063,'119146',1119,2,3),(1064,'139446',1120,2,3),(1065,'159156',1121,2,3),(1066,'139456',1122,2,3),(1067,'159656',1123,2,3),(1068,'139956',1124,2,3),(1069,'119166',1125,2,3),(1070,'119366',1126,2,3),(1071,'139566',1127,2,3),(1072,'119766',1128,2,3),(1073,'199866',1129,2,3),(1074,'169076',1130,2,3),(1075,'159276',1131,2,3),(1076,'139476',1132,2,3),(1077,'129776',1133,2,3),(1078,'159976',1134,2,3),(1079,'189186',1135,2,3),(1080,'159486',1136,2,3),(1081,'159296',1137,2,3),(1082,'149496',1138,2,3),(1083,'129896',1139,2,3),(1084,'199996',1140,2,3),(1085,'149407',1141,2,3),(1086,'149607',1142,2,3),(1087,'169807',1143,2,3),(1088,'149017',1144,2,3),(1089,'129217',1145,2,3),(1090,'189317',1146,2,3),(1091,'159517',1147,2,3),(1092,'159717',1148,2,3),(1093,'169917',1149,2,3),(1094,'149127',1150,2,3),(1095,'129327',1151,2,3),(1096,'199427',1152,2,3),(1097,'199627',1153,2,3),(1098,'179827',1154,2,3),(1099,'129237',1155,2,3),(1100,'199537',1156,2,3),(1101,'149937',1157,2,3),(1102,'199147',1158,2,3),(1103,'179447',1159,2,3),(1104,'189647',1160,2,3),(1105,'199847',1161,2,3),(1106,'179057',1162,2,3),(1107,'179257',1163,2,3),(1108,'169457',1164,2,3),(1109,'149657',1165,2,3),(1110,'109957',1166,2,3),(1111,'179167',1167,2,3),(1112,'129567',1168,2,3),(1113,'109767',1169,2,3),(1114,'119487',1170,2,3),(1115,'179787',1171,2,3),(1116,'199987',1172,2,3),(1117,'169297',1173,2,3),(1118,'109597',1174,2,3),(1119,'159797',1175,2,3),(1120,'119008',1176,2,3),(1121,'159208',1177,2,3),(1122,'169408',1178,2,3),(1123,'109708',1179,2,3),(1124,'199808',1180,2,3),(1125,'109118',1181,2,3),(1126,'109318',1182,2,3),(1127,'179418',1183,2,3),(1128,'149618',1184,2,3),(1129,'189818',1185,2,3),(1130,'179028',1186,2,3),(1131,'129328',1187,2,3),(1132,'179628',1188,2,3),(1133,'159828',1189,2,3),(1134,'129038',1190,2,3),(1135,'199138',1191,2,3),(1136,'169438',1192,2,3),(1137,'189738',1193,2,3),(1138,'149748',1194,2,3),(1139,'159948',1195,2,3),(1140,'199258',1196,2,3),(1141,'109758',1197,2,3),(1142,'189068',1198,2,3),(1143,'199268',1199,2,3),(1144,'169468',1200,2,3),(1145,'169668',1201,2,3),(1146,'179868',1202,2,3),(1147,'179178',1203,2,3),(1148,'109478',1204,2,3),(1149,'189019',1205,2,3),(1150,'129449',1206,2,3),(1151,'149399',1207,2,3),(1152,'240002',1208,2,3),(1153,'250022',1209,2,3),(1154,'290722',1210,2,3),(1155,'240542',1211,2,3),(1156,'230742',1212,2,3),(1157,'240452',1213,2,3),(1158,'260952',1214,2,3),(1159,'240782',1215,2,2),(1160,'210703',1216,2,3),(1161,'230123',1217,2,3),(1162,'260684',1218,2,3),(1163,'220294',1219,2,3),(1164,'230894',1220,2,3),(1165,'220205',1221,2,3),(1166,'240505',1222,2,3),(1167,'220905',1223,2,3),(1168,'200615',1224,2,3),(1169,'210325',1225,2,3),(1170,'290625',1226,2,3),(1171,'230435',1227,2,3),(1172,'260145',1228,2,3),(1173,'200355',1229,2,3),(1174,'230855',1230,2,3),(1175,'290475',1231,2,3),(1176,'270385',1232,2,3),(1177,'250906',1233,2,3),(1178,'280416',1234,2,3),(1179,'250226',1235,2,3),(1180,'240826',1236,2,3),(1181,'270236',1237,2,3),(1182,'290736',1238,2,3),(1183,'240346',1239,2,3),(1184,'230356',1240,2,3),(1185,'280756',1241,2,3),(1186,'220466',1242,2,3),(1187,'280276',1243,2,3),(1188,'240876',1244,2,3),(1189,'230886',1245,2,3),(1190,'250896',1246,2,3),(1191,'260407',1247,2,3),(1192,'220707',1248,2,3),(1193,'290027',1249,2,3),(1194,'220727',1250,2,3),(1195,'280537',1251,2,3),(1196,'210847',1252,2,3),(1197,'260167',1253,2,3),(1198,'210377',1254,2,3),(1199,'290087',1255,2,3),(1200,'270787',1256,2,3),(1201,'250608',1257,2,3),(1202,'270918',1258,2,3),(1203,'210928',1259,2,3),(1204,'230838',1260,2,3),(1205,'220058',1261,2,3),(1206,'230958',1262,2,3),(1207,'270268',1263,2,3),(1208,'200078',1264,2,3),(1209,'250088',1265,2,3),(1210,'280588',1266,2,3),(1211,'260398',1267,2,3),(1212,'290109',1268,2,3),(1213,'200019',1269,2,3),(1214,'210329',1270,2,3),(1215,'270929',1271,2,3),(1216,'240539',1272,2,3),(1217,'250249',1273,2,3),(1218,'290849',1274,2,3),(1219,'230459',1275,2,3),(1220,'250959',1276,2,3),(1221,'260569',1277,2,3),(1222,'280279',1278,2,3),(1223,'250879',1279,2,3),(1224,'270389',1280,2,3),(1225,'280989',1281,2,3),(1226,'290399',1282,2,3),(1227,'240999',1283,2,3),(1228,'281600',1284,2,3),(1229,'221710',1285,2,3),(1230,'261220',1286,2,3),(1231,'231130',1287,2,3),(1232,'291240',1288,2,3),(1233,'271740',1289,2,3),(1234,'211650',1290,2,3),(1235,'231360',1291,2,3),(1236,'221760',1292,2,3),(1237,'281570',1293,2,3),(1238,'201580',1294,2,3),(1239,'211390',1295,2,3),(1240,'221301',1296,2,3),(1241,'241411',1297,2,3),(1242,'281121',1298,2,3),(1243,'271921',1299,2,3),(1244,'201731',1300,2,3),(1245,'281141',1301,2,3),(1246,'201941',1302,2,3),(1247,'231451',1303,2,3),(1248,'251561',1304,2,3),(1249,'231571',1305,2,3),(1250,'211181',1306,2,3),(1251,'251781',1307,2,3),(1252,'291202',1308,2,3),(1253,'251212',1309,2,3),(1254,'251222',1310,2,3),(1255,'261232',1311,2,3),(1256,'291142',1312,2,3),(1257,'221152',1313,2,3),(1258,'211652',1314,2,3),(1259,'271362',1315,2,3),(1260,'251472',1316,2,3),(1261,'241282',1317,2,3),(1262,'231092',1318,2,3),(1263,'261492',1319,2,3),(1264,'241003',1320,2,3),(1265,'291803',1321,2,3),(1266,'291513',1322,2,3),(1267,'231023',1323,2,3),(1268,'231623',1324,2,3),(1269,'231923',1325,2,3),(1270,'261333',1326,2,3),(1271,'291343',1327,2,3),(1272,'291943',1328,2,3),(1273,'271173',1329,2,3),(1274,'241873',1330,2,3),(1275,'241983',1331,2,3),(1276,'241393',1332,2,3),(1277,'271793',1333,2,3),(1278,'281314',1334,2,3),(1279,'211914',1335,2,3),(1280,'231224',1336,2,3),(1281,'221624',1337,2,3),(1282,'261434',1338,2,3),(1283,'291184',1339,2,3),(1284,'231784',1340,2,3),(1285,'291394',1341,2,3),(1286,'241605',1342,2,3),(1287,'221115',1343,2,3),(1288,'281615',1344,2,3),(1289,'231525',1345,2,3),(1290,'281135',1346,2,3),(1291,'281045',1347,2,3),(1292,'201155',1348,2,3),(1293,'231855',1349,2,3),(1294,'231285',1350,2,3),(1295,'281595',1351,2,3),(1296,'211106',1352,2,3),(1297,'291506',1353,2,3),(1298,'281316',1354,2,3),(1299,'221826',1355,2,3),(1300,'261436',1356,2,3),(1301,'261246',1357,2,3),(1302,'261256',1358,2,3),(1303,'251756',1359,2,3),(1304,'221266',1360,2,3),(1305,'291666',1361,2,3),(1306,'291086',1362,2,3),(1307,'261886',1363,2,3),(1308,'231507',1364,2,3),(1309,'261327',1365,2,3),(1310,'261737',1366,2,3),(1311,'241247',1367,2,3),(1312,'448796',1368,2,2),(1313,'498537',1369,2,2),(1314,'570530',1370,2,2),(1315,'560950',1371,2,2),(1316,'580001',1372,2,2),(1317,'580521',1373,2,2),(1318,'549549',1374,2,3),(1319,'762510',1375,2,3);
/*!40000 ALTER TABLE `media_code` ENABLE KEYS */;
UNLOCK TABLES;

--
-- Table structure for table `media_data`
--

DROP TABLE IF EXISTS `media_data`;
/*!40101 SET @saved_cs_client     = @@character_set_client */;
/*!40101 SET character_set_client = utf8 */;
CREATE TABLE `media_data` (
  `media_id` bigint(20) NOT NULL AUTO_INCREMENT,
  `media_name` varchar(50) NOT NULL,
  `file_path` varchar(255) NOT NULL,
  `user_id` bigint(20) NOT NULL,
  `category_id` int(3) NOT NULL,
  `create_time` timestamp NOT NULL DEFAULT CURRENT_TIMESTAMP,
  `media_state` char(1) NOT NULL,
  `delete_time` timestamp NULL DEFAULT NULL,
  `over_time` timestamp NULL DEFAULT NULL,
  PRIMARY KEY (`media_id`),
  UNIQUE KEY `media_name_UNIQUE` (`media_name`)
) ENGINE=InnoDB AUTO_INCREMENT=1376 DEFAULT CHARSET=utf8;
/*!40101 SET character_set_client = @saved_cs_client */;

--
-- Dumping data for table `media_data`
--

LOCK TABLES `media_data` WRITE;
/*!40000 ALTER TABLE `media_data` DISABLE KEYS */;
INSERT INTO `media_data` VALUES (1,'7990194750','/data/IN_Photo/2/slr/7990194750.jpg',2,3,'2017-06-23 06:34:26','2','2017-06-27 08:42:31','2017-07-27 08:42:31'),(2,'1432295352','/data/IN_Photo/2/slr/1432295352.jpg',2,3,'2017-06-23 09:53:13','2','2017-06-27 08:42:31','2017-07-27 08:42:31'),(3,'8256209046','/data/IN_Photo/2/slr/8256209046.jpg',2,3,'2017-06-23 09:53:14','2','2017-06-27 08:42:31','2017-07-27 08:42:31'),(4,'3327884547','/data/IN_Photo/2/slr/3327884547.jpg',2,3,'2017-06-23 09:53:14','2','2017-06-27 08:42:31','2017-07-27 08:42:31'),(5,'0230330957','/data/IN_Photo/2/slr/0230330957.jpg',2,3,'2017-06-23 09:53:15','2','2017-06-27 08:42:31','2017-07-27 08:42:31'),(6,'4383005630','/data/IN_Photo/2/slr/4383005630.jpg',2,3,'2017-06-23 09:53:15','2','2017-06-27 08:42:31','2017-07-27 08:42:31'),(7,'6324221779','/data/IN_Photo/2/slr/6324221779.jpg',2,3,'2017-06-23 09:53:16','2','2017-06-27 08:42:31','2017-07-27 08:42:31'),(8,'0159168924','/data/IN_Photo/2/slr/0159168924.jpg',2,3,'2017-06-23 09:53:17','2','2017-06-27 08:42:31','2017-07-27 08:42:31'),(9,'2658645210','/data/IN_Photo/2/slr/2658645210.jpg',2,3,'2017-06-23 09:53:17','2','2017-06-27 08:42:31','2017-07-27 08:42:31'),(10,'9135038869','/data/IN_Photo/2/slr/9135038869.jpg',2,3,'2017-06-23 09:53:18','2','2017-06-27 08:42:46','2017-07-27 08:42:46'),(11,'8612323609','/data/IN_Photo/2/slr/8612323609.jpg',2,3,'2017-06-23 09:53:18','2','2017-06-27 08:42:46','2017-07-27 08:42:46'),(32,'1498455212','/data/IN_Photo/2/slr/1498455212.png',2,3,'2017-06-26 05:35:58','2','2017-06-27 08:42:46','2017-06-27 08:42:46'),(39,'1498455557','/data/IN_Photo/2/slr/1498455557.png',2,3,'2017-06-26 05:41:46','2','2017-06-27 08:42:46','2017-06-27 08:42:46'),(48,'1498455706','/data/IN_Photo/2/slr/1498455706.png',2,3,'2017-06-26 05:44:11','2','2017-06-27 08:42:46','2017-06-27 08:42:46'),(52,'1498455908','/data/IN_Photo/2/slr/1498455908.png',2,3,'2017-06-26 05:47:33','2','2017-06-27 08:42:46','2017-06-27 08:42:46'),(53,'1498456191','/data/IN_Photo/2/slr/1498456191.png',2,3,'2017-06-26 05:52:18','0','2017-08-29 16:00:00',NULL),(54,'1498456359','/data/IN_Photo/2/slr/1498456359.png',2,3,'2017-06-26 05:55:05','0','2017-08-29 16:00:00',NULL),(55,'1498456603','/data/IN_Photo/2/slr/1498456603.png',2,3,'2017-06-26 05:59:09','0','2017-08-29 16:00:00',NULL),(56,'1498456702','/data/IN_Photo/2/slr/1498456702.png',2,3,'2017-06-26 06:00:47','0','2017-08-29 16:00:00',NULL),(57,'1498456759','/data/IN_Photo/2/slr/1498456759.png',2,3,'2017-06-26 06:01:45','0','2017-08-29 16:00:00',NULL),(58,'1498456811','/data/IN_Photo/2/slr/1498456811.png',2,3,'2017-06-26 06:02:37','0','2017-08-29 16:00:00',NULL),(59,'1498456942','/data/IN_Photo/2/slr/1498456942.png',2,3,'2017-06-26 06:04:48','0','2017-08-29 16:00:00',NULL),(60,'1498457004','/data/IN_Photo/2/slr/1498457004.png',2,3,'2017-06-26 06:05:49','0','2017-08-29 16:00:00',NULL),(61,'1498457056','/data/IN_Photo/2/slr/1498457056.png',2,3,'2017-06-26 06:08:01','0','2017-08-29 16:00:00',NULL),(72,'1498457193','/data/IN_Photo/2/slr/1498457193.png',2,3,'2017-06-26 06:08:58','0','2017-08-29 16:00:00',NULL),(73,'1498457343','/data/IN_Photo/2/slr/1498457343.png',2,3,'2017-06-26 06:11:28','0','2017-08-29 16:00:00',NULL),(74,'1498457366','/data/IN_Photo/2/slr/1498457366.png',2,3,'2017-06-26 06:11:51','0','2017-08-29 16:00:00',NULL),(75,'1498457423','/data/IN_Photo/2/slr/1498457423.png',2,3,'2017-06-26 06:12:49','0','2017-08-29 16:00:00',NULL),(76,'1498457445','/data/IN_Photo/2/slr/1498457445.png',2,3,'2017-06-26 06:13:09','0','2017-08-29 16:00:00',NULL),(77,'1498457467','/data/IN_Photo/2/slr/1498457467.png',2,3,'2017-06-26 06:13:32','0','2017-08-29 16:00:00',NULL),(78,'1498457489','/data/IN_Photo/2/slr/1498457489.png',2,3,'2017-06-26 06:14:53','0','2017-08-29 16:00:00',NULL),(79,'1498458208','/data/IN_Photo/2/slr/1498458208.png',2,3,'2017-06-26 06:25:53','0','2017-08-29 16:00:00',NULL),(80,'1498458995','/data/IN_Photo/2/slr/1498458995.png',2,3,'2017-06-26 06:38:50','0','2017-08-29 16:00:00',NULL),(81,'1498459251','/data/IN_Photo/2/slr/1498459251.png',2,3,'2017-06-26 06:43:03','0','2017-08-29 16:00:00',NULL),(82,'1498459346','/data/IN_Photo/2/slr/1498459346.png',2,3,'2017-06-26 06:44:41','0','2017-08-29 16:00:00',NULL),(83,'1498459370','/data/IN_Photo/2/slr/1498459370.png',2,3,'2017-06-26 06:45:04','0','2017-08-29 16:00:00',NULL),(84,'1498459396','/data/IN_Photo/2/slr/1498459396.png',2,3,'2017-06-26 06:45:29','0','2017-08-29 16:00:00',NULL),(85,'1498459427','/data/IN_Photo/2/slr/1498459427.png',2,3,'2017-06-26 06:46:01','0','2017-08-29 16:00:00',NULL),(86,'1498459458','/data/IN_Photo/2/slr/1498459458.png',2,3,'2017-06-26 06:46:31','0','2017-08-29 16:00:00',NULL),(87,'1498459500','/data/IN_Photo/2/slr/1498459500.png',2,3,'2017-06-26 06:47:13','0','2017-08-29 16:00:00',NULL),(88,'1498459537','/data/IN_Photo/2/slr/1498459537.png',2,3,'2017-06-26 06:47:49','0','2017-08-29 16:00:00',NULL),(89,'1498459560','/data/IN_Photo/2/slr/1498459560.png',2,3,'2017-06-26 06:48:15','0','2017-08-29 16:00:00',NULL),(90,'1498459584','/data/IN_Photo/2/slr/1498459584.png',2,3,'2017-06-26 06:48:37','0','2017-08-29 16:00:00',NULL),(91,'1498459608','/data/IN_Photo/2/slr/1498459608.png',2,3,'2017-06-26 06:49:01','0','2017-08-29 16:00:00',NULL),(92,'1498459630','/data/IN_Photo/2/slr/1498459630.png',2,3,'2017-06-26 06:49:24','0','2017-08-29 16:00:00',NULL),(93,'1498459975','/data/IN_Photo/2/slr/1498459975.png',2,3,'2017-06-26 06:55:09','0','2017-08-29 16:00:00','2017-06-26 07:11:11'),(94,'1498460810','/data/IN_Photo/2/slr/1498460810.png',2,3,'2017-06-26 07:09:15','0','2017-08-29 16:00:00',NULL),(95,'1498460890','/data/IN_Photo/2/slr/1498460890.png',2,3,'2017-06-26 07:10:27','0','2017-08-29 16:00:00',NULL),(96,'1498461097','/data/IN_Photo/2/slr/1498461097.png',2,3,'2017-06-26 07:13:56','0','2017-08-29 16:00:00',NULL),(97,'1498461189','/data/IN_Photo/2/slr/1498461189.png',2,3,'2017-06-26 07:15:24','0','2017-08-29 16:00:00',NULL),(98,'1498461359','/data/IN_Photo/2/slr/1498461359.png',2,3,'2017-06-26 07:18:13','0','2017-08-29 16:00:00',NULL),(99,'1498461386','/data/IN_Photo/2/slr/1498461386.png',2,3,'2017-06-26 07:18:41','0','2017-08-29 16:00:00','2017-06-27 04:17:07'),(100,'1498464875','/data/IN_Photo/2/slr/1498464875.png',2,3,'2017-06-26 08:16:49','0','2017-08-29 16:00:00','2017-06-27 04:17:07'),(101,'1498467292','/data/IN_Photo/2/slr/1498467292.png',2,3,'2017-06-26 08:57:10','0','2017-08-29 16:00:00',NULL),(102,'1498467548','/data/IN_Photo/2/slr/1498467548.png',2,3,'2017-06-26 09:01:21','0','2017-08-29 16:00:00',NULL),(103,'1498467653','/data/IN_Photo/2/slr/1498467653.png',2,3,'2017-06-26 09:03:29','0','2017-08-29 16:00:00',NULL),(104,'1498467887','/data/IN_Photo/2/slr/1498467887.png',2,3,'2017-06-26 09:07:00','0','2017-08-29 16:00:00',NULL),(105,'1498468164','/data/IN_Photo/2/slr/1498468164.png',2,3,'2017-06-26 09:11:40','0','2017-08-29 16:00:00',NULL),(106,'1498468415','/data/IN_Photo/2/slr/1498468415.png',2,3,'2017-06-26 09:15:48','0','2017-08-29 16:00:00',NULL),(107,'1498468644','/data/IN_Photo/2/slr/1498468644.png',2,3,'2017-06-26 09:19:50','0','2017-08-29 16:00:00',NULL),(108,'1498469091','/data/IN_Photo/2/slr/1498469091.png',2,3,'2017-06-26 09:27:06','0','2017-08-29 16:00:00',NULL),(109,'1498469176','/data/IN_Photo/2/slr/1498469176.png',2,3,'2017-06-26 09:28:31','0','2017-08-29 16:00:00',NULL),(110,'1498525087','/data/IN_Photo/2/slr/1498525087.png',2,3,'2017-06-27 01:00:38','0','2017-08-29 16:00:00',NULL),(111,'5400264021','/data/IN_Photo/2/slr/5400264021.jpg',2,3,'2017-06-27 02:52:57','0','2017-08-29 16:00:00','2017-06-27 04:17:07'),(112,'6473797689','/data/IN_Photo/2/slr/6473797689.jpg',2,3,'2017-06-27 02:55:50','0','2017-08-29 16:00:00','2017-06-27 04:17:07'),(113,'8483839868','/data/IN_Photo/2/slr/8483839868.jpg',2,3,'2017-06-27 02:56:19','0','2017-08-29 16:00:00','2017-06-27 04:17:07'),(114,'8005840855','/data/IN_Photo/2/slr/8005840855.jpg',2,3,'2017-06-27 03:05:45','0','2017-08-29 16:00:00','2017-06-27 04:17:07'),(115,'0892747844','/data/IN_Photo/2/slr/0892747844.jpg',2,3,'2017-06-27 03:05:56','0','2017-08-29 16:00:00','2017-06-27 04:17:07'),(116,'2547958286','/data/IN_Photo/2/slr/2547958286.jpg',2,3,'2017-06-27 03:09:19','0','2017-08-29 16:00:00','2017-06-27 04:17:07'),(117,'4456003751','/data/IN_Photo/2/slr/4456003751.jpg',2,3,'2017-06-27 03:18:14','0','2017-08-29 16:00:00','2017-06-27 04:17:07'),(118,'6573753696','/data/IN_Photo/2/gif1/6573753696.gif',2,2,'2017-06-27 04:25:17','0','2017-08-29 16:00:00','2017-06-27 04:31:45'),(119,'6813887149','/data/IN_Photo/2/gif1/6813887149.gif',2,2,'2017-06-27 04:25:18','0','2017-08-29 16:00:00','2017-06-27 04:31:45'),(120,'8089855386','/data/IN_Photo/2/gif1/8089855386.gif',2,2,'2017-06-27 04:25:18','0','2017-08-29 16:00:00','2017-06-27 04:31:45'),(121,'6637450950','/data/IN_Photo/2/gif1/6637450950.gif',2,2,'2017-06-27 04:25:19','0','2017-08-29 16:00:00','2017-06-27 04:31:45'),(122,'0490129499','/data/IN_Photo/2/gif1/0490129499.gif',2,2,'2017-06-27 04:25:19','0','2017-08-29 16:00:00','2017-06-27 04:31:45'),(123,'0810503263','/data/IN_Photo/2/gif1/0810503263.gif',2,2,'2017-06-27 04:25:20','0','2017-08-29 16:00:00','2017-06-27 04:31:45'),(124,'7922578810','/data/IN_Photo/2/gif1/7922578810.gif',2,2,'2017-06-27 04:25:20','0','2017-08-29 16:00:00','2017-06-27 04:31:45'),(125,'3228172158','/data/IN_Photo/2/gif1/3228172158.gif',2,2,'2017-06-27 04:25:20','0','2017-08-29 16:00:00','2017-06-27 04:31:45'),(126,'8401829007','/data/IN_Photo/2/gif1/8401829007.gif',2,2,'2017-06-27 04:25:21','0','2017-08-29 16:00:00','2017-06-27 04:31:45'),(127,'0348088612','/data/IN_Photo/2/gif1/0348088612.gif',2,2,'2017-06-27 04:25:21','0','2017-08-29 16:00:00','2017-06-27 04:31:45'),(128,'8153965718','/data/IN_Photo/2/slr/8153965718.jpg',2,3,'2017-06-27 07:43:30','0','2017-08-29 16:00:00','2017-07-27 07:45:39'),(129,'7252810091','/data/IN_Photo/2/slr/7252810091.jpg',2,3,'2017-06-27 07:46:18','0','2017-08-29 16:00:00',NULL),(130,'1644042484','/data/IN_Photo/2/slr/1644042484.jpg',2,3,'2017-06-27 07:49:24','0','2017-08-29 16:00:00',NULL),(131,'4947277867','/data/IN_Photo/2/slr/4947277867.jpg',2,3,'2017-06-27 07:54:56','0','2017-08-29 16:00:00',NULL),(132,'1498550153','/data/IN_Photo/2/slr/1498550153.png',2,3,'2017-06-27 07:58:10','0','2017-08-29 16:00:00',NULL),(133,'1498551037','/data/IN_Photo/2/slr/1498551037.png',2,3,'2017-06-27 08:12:52','0','2017-08-29 16:00:00',NULL),(134,'1498551207','/data/IN_Photo/2/slr/1498551207.png',2,3,'2017-06-27 08:15:45','0','2017-08-29 16:00:00',NULL),(135,'1498551299','/data/IN_Photo/2/slr/1498551299.png',2,3,'2017-06-27 08:17:14','0','2017-08-29 16:00:00',NULL),(136,'1498552650','/data/IN_Photo/2/slr/1498552650.png',2,3,'2017-06-27 08:37:44','0','2017-08-29 16:00:00',NULL),(137,'1498552694','/data/IN_Photo/2/slr/1498552694.png',2,3,'2017-06-27 08:38:31','0','2017-08-29 16:00:00',NULL),(138,'1498557125','/data/IN_Photo/2/slr/1498557125.png',2,3,'2017-06-27 09:52:26','0','2017-08-29 16:00:00',NULL),(139,'1498557230','/data/IN_Photo/2/slr/1498557230.png',2,3,'2017-06-27 09:54:05','0','2017-08-29 16:00:00',NULL),(140,'1498557343','/data/IN_Photo/2/slr/1498557343.png',2,3,'2017-06-27 09:55:58','0','2017-08-29 16:00:00',NULL),(141,'1498612490','/data/IN_Photo/2/slr/1498612490.png',2,3,'2017-06-28 01:15:16','0','2017-08-29 16:00:00',NULL),(142,'1498612749','/data/IN_Photo/2/slr/1498612749.png',2,3,'2017-06-28 01:19:46','0','2017-08-29 16:00:00',NULL),(143,'1498613660','/data/IN_Photo/2/slr/1498613660.png',2,3,'2017-06-28 01:35:17','0','2017-08-29 16:00:00',NULL),(144,'1498613901','/data/IN_Photo/2/slr/1498613901.png',2,3,'2017-06-28 01:39:22','0','2017-08-29 16:00:00',NULL),(145,'1498614119','/data/IN_Photo/2/slr/1498614119.png',2,3,'2017-06-28 01:44:15','0','2017-08-29 16:00:00',NULL),(146,'1498614345','/data/IN_Photo/2/slr/1498614345.png',2,3,'2017-06-28 01:46:00','0','2017-08-29 16:00:00',NULL),(147,'1498614407','/data/IN_Photo/2/slr/1498614407.png',2,3,'2017-06-28 01:47:06','0','2017-08-29 16:00:00',NULL),(148,'1498614674','/data/IN_Photo/2/slr/1498614674.png',2,3,'2017-06-28 01:51:40','0','2017-08-29 16:00:00',NULL),(149,'1498614749','/data/IN_Photo/2/slr/1498614749.png',2,3,'2017-06-28 01:52:45','0','2017-08-29 16:00:00',NULL),(150,'1498614808','/data/IN_Photo/2/slr/1498614808.png',2,3,'2017-06-28 01:53:56','0','2017-08-29 16:00:00',NULL),(151,'1498614903','/data/IN_Photo/2/slr/1498614903.png',2,3,'2017-06-28 01:55:19','0','2017-08-29 16:00:00',NULL),(152,'1498614948','/data/IN_Photo/2/slr/1498614948.png',2,3,'2017-06-28 01:56:09','0','2017-08-29 16:00:00',NULL),(153,'1498615574','/data/IN_Photo/2/slr/1498615574.png',2,3,'2017-06-28 02:06:34','0','2017-08-29 16:00:00',NULL),(154,'1498615735','/data/IN_Photo/2/slr/1498615735.png',2,3,'2017-06-28 02:09:11','0','2017-08-29 16:00:00',NULL),(155,'1498615921','/data/IN_Photo/2/slr/1498615921.png',2,3,'2017-06-28 02:12:17','0','2017-08-29 16:00:00',NULL),(156,'1498615963','/data/IN_Photo/2/slr/1498615963.png',2,3,'2017-06-28 02:13:02','0','2017-08-29 16:00:00',NULL),(157,'1498616216','/data/IN_Photo/2/slr/1498616216.png',2,3,'2017-06-28 02:17:12','0','2017-08-29 16:00:00',NULL),(158,'1498616507','/data/IN_Photo/2/slr/1498616507.png',2,3,'2017-06-28 02:22:07','0','2017-08-29 16:00:00',NULL),(159,'1498617502','/data/IN_Photo/2/slr/1498617502.png',2,3,'2017-06-28 02:38:38','0','2017-08-29 16:00:00',NULL),(160,'1498617564','/data/IN_Photo/2/slr/1498617564.png',2,3,'2017-06-28 02:39:53','0','2017-08-29 16:00:00',NULL),(161,'1498618216','/data/IN_Photo/2/slr/1498618216.png',2,3,'2017-06-28 02:50:34','0','2017-08-29 16:00:00',NULL),(162,'1498618348','/data/IN_Photo/2/slr/1498618348.png',2,3,'2017-06-28 02:52:43','0','2017-08-29 16:00:00',NULL),(163,'1498618421','/data/IN_Photo/2/slr/1498618421.png',2,3,'2017-06-28 02:53:57','0','2017-08-29 16:00:00',NULL),(164,'1498618520','/data/IN_Photo/2/slr/1498618520.png',2,3,'2017-06-28 02:55:38','0','2017-08-29 16:00:00',NULL),(165,'1498618929','/data/IN_Photo/2/slr/1498618929.png',2,3,'2017-06-28 03:02:29','0','2017-08-29 16:00:00',NULL),(166,'1498619294','/data/IN_Photo/2/slr/1498619294.png',2,3,'2017-06-28 03:08:30','0','2017-08-29 16:00:00',NULL),(167,'1498620232','/data/IN_Photo/2/slr/1498620232.png',2,3,'2017-06-28 03:24:07','0','2017-08-29 16:00:00',NULL),(168,'1498620374','/data/IN_Photo/2/slr/1498620374.png',2,3,'2017-06-28 03:26:31','0','2017-08-29 16:00:00',NULL),(169,'1498621646','/data/IN_Photo/2/slr/1498621646.png',2,3,'2017-06-28 03:47:43','0','2017-08-29 16:00:00',NULL),(170,'1498621924','/data/IN_Photo/2/slr/1498621924.png',2,3,'2017-06-28 03:52:20','0','2017-08-29 16:00:00',NULL),(171,'1498622076','/data/IN_Photo/2/slr/1498622076.png',2,3,'2017-06-28 03:54:54','0','2017-08-29 16:00:00',NULL),(172,'1498622202','/data/IN_Photo/2/slr/1498622202.png',2,3,'2017-06-28 03:57:03','0','2017-08-29 16:00:00',NULL),(173,'1498622259','/data/IN_Photo/2/slr/1498622259.png',2,3,'2017-06-28 03:57:57','0','2017-08-29 16:00:00',NULL),(174,'1498622362','/data/IN_Photo/2/slr/1498622362.png',2,3,'2017-06-28 03:59:41','0','2017-08-29 16:00:00',NULL),(175,'1498622977','/data/IN_Photo/2/slr/1498622977.png',2,3,'2017-06-28 04:09:53','0','2017-08-29 16:00:00',NULL),(176,'1498623254','/data/IN_Photo/2/slr/1498623254.png',2,3,'2017-06-28 04:14:33','0','2017-08-29 16:00:00',NULL),(177,'1498623474','/data/IN_Photo/2/slr/1498623474.png',2,3,'2017-06-28 04:18:09','0','2017-08-29 16:00:00',NULL),(178,'1498623624','/data/IN_Photo/2/slr/1498623624.png',2,3,'2017-06-28 04:20:42','0','2017-08-29 16:00:00',NULL),(179,'1498624945','/data/IN_Photo/2/slr/1498624945.png',2,3,'2017-06-28 04:42:42','0','2017-08-29 16:00:00',NULL),(180,'1498627142','/data/IN_Photo/2/slr/1498627142.png',2,3,'2017-06-28 05:19:20','0','2017-08-29 16:00:00',NULL),(181,'1498627263','/data/IN_Photo/2/slr/1498627263.png',2,3,'2017-06-28 05:21:19','0','2017-08-29 16:00:00',NULL),(182,'1498627491','/data/IN_Photo/2/slr/1498627491.png',2,3,'2017-06-28 05:25:09','0','2017-08-29 16:00:00',NULL),(183,'1498628158','/data/IN_Photo/2/slr/1498628158.png',2,3,'2017-06-28 05:36:15','0','2017-08-29 16:00:00',NULL),(184,'1498628982','/data/IN_Photo/2/slr/1498628982.png',2,3,'2017-06-28 05:49:58','0','2017-08-29 16:00:00',NULL),(185,'1498629078','/data/IN_Photo/2/slr/1498629078.png',2,3,'2017-06-28 05:51:43','0','2017-08-29 16:00:00',NULL),(186,'1498629207','/data/IN_Photo/2/slr/1498629207.png',2,3,'2017-06-28 05:53:46','0','2017-08-29 16:00:00',NULL),(187,'1498629281','/data/IN_Photo/2/slr/1498629281.png',2,3,'2017-06-28 05:54:59','0','2017-08-29 16:00:00',NULL),(188,'1498629446','/data/IN_Photo/2/slr/1498629446.png',2,3,'2017-06-28 05:57:42','0','2017-08-29 16:00:00',NULL),(189,'1498629547','/data/IN_Photo/2/slr/1498629547.png',2,3,'2017-06-28 05:59:25','0','2017-08-29 16:00:00',NULL),(190,'1498629702','/data/IN_Photo/2/slr/1498629702.png',2,3,'2017-06-28 06:01:58','0','2017-08-29 16:00:00',NULL),(191,'1498629860','/data/IN_Photo/2/slr/1498629860.png',2,3,'2017-06-28 06:04:38','0','2017-08-29 16:00:00',NULL),(192,'1498631216','/data/IN_Photo/2/slr/1498631216.png',2,3,'2017-06-28 06:27:13','0','2017-08-29 16:00:00',NULL),(193,'1498631260','/data/IN_Photo/2/slr/1498631260.png',2,3,'2017-06-28 06:27:56','0','2017-08-29 16:00:00',NULL),(194,'1498632317','/data/IN_Photo/2/slr/1498632317.png',2,3,'2017-06-28 06:45:35','0','2017-08-29 16:00:00',NULL),(195,'1498633029','/data/IN_Photo/2/slr/1498633029.png',2,3,'2017-06-28 06:57:31','0','2017-08-29 16:00:00',NULL),(196,'1498637583','/data/IN_Photo/2/slr/1498637583.png',2,3,'2017-06-28 08:13:21','0','2017-08-29 16:00:00',NULL),(197,'1498638242','/data/IN_Photo/2/slr/1498638242.png',2,3,'2017-06-28 08:24:19','0','2017-08-29 16:00:00',NULL),(198,'1498638357','/data/IN_Photo/2/slr/1498638357.png',2,3,'2017-06-28 08:26:29','0','2017-08-29 16:00:00',NULL),(199,'1498638422','/data/IN_Photo/2/slr/1498638422.png',2,3,'2017-06-28 08:27:19','0','2017-08-29 16:00:00',NULL),(200,'1498638544','/data/IN_Photo/2/slr/1498638544.png',2,3,'2017-06-28 08:29:20','0','2017-08-29 16:00:00',NULL),(201,'1498697548','/data/IN_Photo/2/slr/1498697548.png',2,3,'2017-06-29 00:52:48','0','2017-08-29 16:00:00',NULL),(202,'1498697592','/data/IN_Photo/2/slr/1498697592.png',2,3,'2017-06-29 00:53:28','0','2017-08-29 16:00:00',NULL),(203,'1498699468','/data/IN_Photo/2/slr/1498699468.png',2,3,'2017-06-29 01:24:47','0','2017-08-29 16:00:00',NULL),(204,'1498699528','/data/IN_Photo/2/slr/1498699528.png',2,3,'2017-06-29 01:25:48','0','2017-08-29 16:00:00',NULL),(205,'1498699744','/data/IN_Photo/2/slr/1498699744.png',2,3,'2017-06-29 01:29:17','0','2017-08-29 16:00:00',NULL),(206,'1498701038','/data/IN_Photo/2/slr/1498701038.png',2,3,'2017-06-29 01:50:58','0','2017-08-29 16:00:00',NULL),(207,'1498702596','/data/IN_Photo/2/slr/1498702596.png',2,3,'2017-06-29 02:16:53','0','2017-08-29 16:00:00',NULL),(208,'1498703793','/data/IN_Photo/2/slr/1498703793.png',2,3,'2017-06-29 02:36:49','0','2017-08-29 16:00:00',NULL),(210,'1498705940','/data/IN_Photo/2/gif2/1498705940.gif',2,1,'2017-06-29 03:14:53','3','2017-08-29 16:00:00',NULL),(211,'1498707112','/data/IN_Photo/2/slr/1498707112.png',2,3,'2017-06-29 03:32:15','0','2017-08-29 16:00:00',NULL),(224,'3530107484','/data/IN_Photo/2/gif2/3530107484.gif',2,1,'2017-06-29 03:44:46','3','2017-08-29 16:00:00','2017-07-29 03:44:57'),(225,'1498708017','/data/IN_Photo/2/slr/1498708017.png',2,3,'2017-06-29 03:47:43','0','2017-08-29 16:00:00',NULL),(226,'1498708099','/data/IN_Photo/2/slr/1498708099.png',2,3,'2017-06-29 03:48:33','0','2017-08-29 16:00:00',NULL),(227,'1498712113','/data/IN_Photo/2/gif2/1498712113.gif',2,1,'2017-06-29 04:57:54','3','2017-08-29 16:00:00',NULL),(228,'1498712912','/data/IN_Photo/2/slr/1498712912.png',2,3,'2017-06-29 05:08:46','0','2017-08-29 16:00:00',NULL),(229,'1498712957','/data/IN_Photo/2/gif2/1498712957.gif',2,1,'2017-06-29 05:11:44','3','2017-08-29 16:00:00',NULL),(230,'1498713179','/data/IN_Photo/2/gif2/1498713179.gif',2,1,'2017-06-29 05:15:34','3','2017-08-29 16:00:00',NULL),(231,'1498713769','/data/IN_Photo/2/gif2/1498713769.gif',2,1,'2017-06-29 05:25:25','3','2017-08-29 16:00:00',NULL),(232,'1498714018','/data/IN_Photo/2/slr/1498714018.png',2,3,'2017-06-29 05:27:27','0','2017-08-29 16:00:00',NULL),(233,'1498714322','/data/IN_Photo/2/slr/1498714322.png',2,3,'2017-06-29 05:32:40','0','2017-08-29 16:00:00',NULL),(234,'1498714371','/data/IN_Photo/2/slr/1498714371.png',2,3,'2017-06-29 05:33:14','0','2017-08-29 16:00:00',NULL),(235,'1498714480','/data/IN_Photo/2/slr/1498714480.png',2,3,'2017-06-29 05:35:09','0','2017-08-29 16:00:00',NULL),(236,'1498714417','/data/IN_Photo/2/gif2/1498714417.gif',2,1,'2017-06-29 05:36:04','3','2017-08-29 16:00:00',NULL),(237,'1498714595','/data/IN_Photo/2/gif2/1498714595.gif',2,1,'2017-06-29 05:39:11','3','2017-08-29 16:00:00',NULL),(238,'1498714741','/data/IN_Photo/2/slr/1498714741.png',2,3,'2017-06-29 05:39:35','0','2017-08-29 16:00:00',NULL),(239,'1498714813','/data/IN_Photo/2/slr/1498714813.png',2,3,'2017-06-29 05:40:29','0','2017-08-29 16:00:00',NULL),(240,'1498718906','/data/IN_Photo/2/slr/1498718906.png',2,3,'2017-06-29 06:48:47','0','2017-08-29 16:00:00',NULL),(241,'1498718952','/data/IN_Photo/2/slr/1498718952.png',2,3,'2017-06-29 06:49:28','0','2017-08-29 16:00:00',NULL),(242,'1498720047','/data/IN_Photo/2/slr/1498720047.png',2,3,'2017-06-29 07:07:59','0','2017-08-29 16:00:00',NULL),(243,'1498720631','/data/IN_Photo/2/slr/1498720631.png',2,3,'2017-06-29 07:17:36','0','2017-08-29 16:00:00',NULL),(244,'1498720791','/data/IN_Photo/2/slr/1498720791.png',2,3,'2017-06-29 07:20:08','0','2017-08-29 16:00:00',NULL),(245,'1498720916','/data/IN_Photo/2/slr/1498720916.png',2,3,'2017-06-29 07:22:20','0','2017-08-29 16:00:00',NULL),(246,'1498721060','/data/IN_Photo/2/slr/1498721060.png',2,3,'2017-06-29 07:24:46','0','2017-08-29 16:00:00',NULL),(247,'1498721218','/data/IN_Photo/2/slr/1498721218.png',2,3,'2017-06-29 07:27:30','0','2017-08-29 16:00:00',NULL),(248,'1498721331','/data/IN_Photo/2/slr/1498721331.png',2,3,'2017-06-29 07:29:06','0','2017-08-29 16:00:00',NULL),(249,'1498721428','/data/IN_Photo/2/slr/1498721428.png',2,3,'2017-06-29 07:30:45','0','2017-08-29 16:00:00',NULL),(250,'1498721567','/data/IN_Photo/2/slr/1498721567.png',2,3,'2017-06-29 07:33:10','0','2017-08-29 16:00:00',NULL),(251,'1498721783','/data/IN_Photo/2/slr/1498721783.png',2,3,'2017-06-29 07:36:44','0','2017-08-29 16:00:00',NULL),(252,'1498721930','/data/IN_Photo/2/slr/1498721930.png',2,3,'2017-06-29 07:39:33','0','2017-08-29 16:00:00',NULL),(253,'1498722019','/data/IN_Photo/2/slr/1498722019.png',2,3,'2017-06-29 07:40:42','0','2017-08-29 16:00:00',NULL),(254,'1498722060','/data/IN_Photo/2/slr/1498722060.png',2,3,'2017-06-29 07:41:44','0','2017-08-29 16:00:00',NULL),(255,'1498722391','/data/IN_Photo/2/slr/1498722391.png',2,3,'2017-06-29 07:47:14','0','2017-08-29 16:00:00',NULL),(256,'1498722484','/data/IN_Photo/2/slr/1498722484.png',2,3,'2017-06-29 07:48:44','0','2017-08-29 16:00:00',NULL),(257,'1498722542','/data/IN_Photo/2/slr/1498722542.png',2,3,'2017-06-29 07:49:26','0','2017-08-29 16:00:00',NULL),(258,'1498722677','/data/IN_Photo/2/slr/1498722677.png',2,3,'2017-06-29 07:51:40','0','2017-08-29 16:00:00',NULL),(259,'1498722717','/data/IN_Photo/2/slr/1498722717.png',2,3,'2017-06-29 07:52:19','0','2017-08-29 16:00:00',NULL),(260,'1498722943','/data/IN_Photo/2/slr/1498722943.png',2,3,'2017-06-29 07:56:06','0','2017-08-29 16:00:00',NULL),(261,'1498723263','/data/IN_Photo/2/slr/1498723263.png',2,3,'2017-06-29 08:01:21','0','2017-08-29 16:00:00',NULL),(262,'1498724585','/data/IN_Photo/2/slr/1498724585.png',2,3,'2017-06-29 08:23:20','0','2017-08-29 16:00:00',NULL),(263,'1498724902','/data/IN_Photo/2/slr/1498724902.png',2,3,'2017-06-29 08:28:41','0','2017-08-29 16:00:00',NULL),(264,'1498724825','/data/IN_Photo/2/gif2/1498724825.gif',2,1,'2017-06-29 08:29:34','3','2017-08-29 16:00:00',NULL),(265,'1498724982','/data/IN_Photo/2/slr/1498724982.png',2,3,'2017-06-29 08:29:57','0','2017-08-29 16:00:00',NULL),(266,'1498724951','/data/IN_Photo/2/gif2/1498724951.gif',2,1,'2017-06-29 08:31:39','3','2017-08-29 16:00:00',NULL),(267,'1498725146','/data/IN_Photo/2/slr/1498725146.png',2,3,'2017-06-29 08:32:42','0','2017-08-29 16:00:00',NULL),(268,'1498725023','/data/IN_Photo/2/gif2/1498725023.gif',2,1,'2017-06-29 08:32:54','3','2017-08-29 16:00:00',NULL),(269,'1498725093','/data/IN_Photo/2/gif2/1498725093.gif',2,1,'2017-06-29 08:34:03','3','2017-08-29 16:00:00',NULL),(270,'1498725176','/data/IN_Photo/2/gif2/1498725176.gif',2,1,'2017-06-29 08:35:27','3','2017-08-29 16:00:00',NULL),(271,'1498725359','/data/IN_Photo/2/gif2/1498725359.gif',2,1,'2017-06-29 08:38:28','3','2017-08-29 16:00:00',NULL),(272,'1498728742','/data/IN_Photo/2/gif2/1498728742.gif',2,1,'2017-06-29 09:34:56','3','2017-08-29 16:00:00',NULL),(273,'1498784954','/data/IN_Photo/2/slr/1498784954.png',2,3,'2017-06-30 01:09:30','0','2017-08-29 16:00:00',NULL),(274,'1498787633','/data/IN_Photo/2/slr/1498787633.png',2,3,'2017-06-30 01:54:22','0','2017-08-29 16:00:00',NULL),(275,'1498799299','/data/IN_Photo/2/gif2/1498799299.gif',2,1,'2017-06-30 05:11:26','3','2017-08-29 16:00:00',NULL),(276,'1498801369','/data/IN_Photo/2/gif2/1498801369.gif',2,1,'2017-06-30 05:45:26','3','2017-08-29 16:00:00',NULL),(277,'1498801639','/data/IN_Photo/2/gif2/1498801639.gif',2,1,'2017-06-30 05:49:52','3','2017-08-29 16:00:00',NULL),(278,'4619182815','/data/IN_Photo/2/gif2/4619182815.gif',2,1,'2017-06-30 05:59:34','3','2017-08-29 16:00:00',NULL),(279,'0569638770','/data/IN_Photo/2/gif2/0569638770.gif',2,1,'2017-06-30 06:18:08','3','2017-08-29 16:00:00','2017-07-30 06:18:25'),(280,'1498805446','/data/IN_Photo/2/slr/1498805446.png',2,3,'2017-06-30 06:51:05','0','2017-08-29 16:00:00',NULL),(281,'1498806448','/data/IN_Photo/2/slr/1498806448.png',2,3,'2017-06-30 07:07:45','0','2017-08-29 16:00:00',NULL),(282,'1499143834','/data/IN_Photo/2/gif2/1499143834.gif',2,1,'2017-07-04 04:53:17','3','2017-08-29 16:00:00',NULL),(283,'1499221657','/data/IN_Photo/2/slr/1499221657.png',2,3,'2017-07-05 02:28:05','0','2017-08-29 16:00:00',NULL),(284,'1499310981','/data/IN_Photo/2/gif2/1499310981.gif',2,1,'2017-07-06 03:19:07','3','2017-08-29 16:00:00',NULL),(285,'1499311555','/data/IN_Photo/2/gif2/1499311555.gif',2,1,'2017-07-06 03:28:38','3','2017-08-29 16:00:00',NULL),(286,'1499411954','/data/IN_Photo/2/gif2/1499411954.gif',2,1,'2017-07-07 07:21:59','3','2017-08-29 16:00:00',NULL),(287,'1499412660','/data/IN_Photo/2/gif2/1499412660.gif',2,1,'2017-07-07 07:31:29','3','2017-08-29 16:00:00',NULL),(288,'1499412730','/data/IN_Photo/2/gif2/1499412730.gif',2,1,'2017-07-07 07:32:39','3','2017-08-29 16:00:00',NULL),(289,'1499412799','/data/IN_Photo/2/gif2/1499412799.gif',2,1,'2017-07-07 07:34:02','3','2017-08-29 16:00:00',NULL),(290,'1499412883','/data/IN_Photo/2/gif2/1499412883.gif',2,1,'2017-07-07 07:35:12','3','2017-08-29 16:00:00',NULL),(291,'1499412955','/data/IN_Photo/2/gif2/1499412955.gif',2,1,'2017-07-07 07:36:25','3','2017-08-29 16:00:00',NULL),(292,'1499413605','/data/IN_Photo/2/gif2/1499413605.gif',2,1,'2017-07-07 07:47:13','3','2017-08-29 16:00:00',NULL),(293,'1499417809','/data/IN_Photo/2/gif2/1499417809.gif',2,1,'2017-07-07 08:59:37','3','2017-08-29 16:00:00',NULL),(294,'1499417876','/data/IN_Photo/2/gif2/1499417876.gif',2,1,'2017-07-07 09:00:48','3','2017-08-29 16:00:00',NULL),(295,'1499827581','/data/IN_Photo/2/slr/1499827581.png',2,3,'2017-07-12 02:49:24','0','2017-08-29 16:00:00',NULL),(296,'1499827662','/data/IN_Photo/2/slr/1499827662.png',2,3,'2017-07-12 02:50:43','0','2017-08-29 16:00:00',NULL),(297,'1499995964','/data/IN_Photo/2/gif2/1499995964.gif',2,1,'2017-07-14 01:37:08','3','2017-08-29 16:00:00',NULL),(298,'1499997724','/data/IN_Photo/2/gif2/1499997724.gif',2,1,'2017-07-14 02:03:11','3','2017-08-29 16:00:00',NULL),(299,'1500016769','/data/IN_Photo/2/gif2/1500016769.gif',2,1,'2017-07-14 07:20:08','3','2017-08-29 16:00:00',NULL),(300,'1500024399','/data/IN_Photo/2/slr/1500024399.png',2,3,'2017-07-14 09:30:02','0','2017-08-29 16:00:00',NULL),(301,'1500024519','/data/IN_Photo/2/slr/1500024519.png',2,3,'2017-07-14 09:31:41','0','2017-08-29 16:00:00',NULL),(302,'1500024582','/data/IN_Photo/2/slr/1500024582.png',2,3,'2017-07-14 09:32:44','0','2017-08-29 16:00:00',NULL),(303,'1500024671','/data/IN_Photo/2/slr/1500024671.png',2,3,'2017-07-14 09:34:13','0','2017-08-29 16:00:00',NULL),(304,'1500024779','/data/IN_Photo/2/slr/1500024779.png',2,3,'2017-07-14 09:36:00','0','2017-08-29 16:00:00',NULL),(305,'1500024860','/data/IN_Photo/2/slr/1500024860.png',2,3,'2017-07-14 09:37:21','0','2017-08-29 16:00:00',NULL),(306,'1500026362','/data/IN_Photo/2/slr/1500026362.png',2,3,'2017-07-14 10:02:24','0','2017-08-29 16:00:00',NULL),(307,'1500026474','/data/IN_Photo/2/slr/1500026474.png',2,3,'2017-07-14 10:04:16','0','2017-08-29 16:00:00',NULL),(308,'1500027334','/data/IN_Photo/2/slr/1500027334.png',2,3,'2017-07-14 10:18:36','0','2017-08-29 16:00:00',NULL),(309,'1500285794','/data/IN_Photo/2/gif2/1500285794.gif',2,1,'2017-07-17 10:04:02','3','2017-08-29 16:00:00',NULL),(310,'1500285986','/data/IN_Photo/2/gif2/1500285986.gif',2,1,'2017-07-17 10:07:17','3','2017-08-29 16:00:00',NULL),(311,'1500355034','/data/IN_Photo/2/gif2/1500355034.gif',2,1,'2017-07-18 05:20:26','3','2017-08-29 16:00:00',NULL),(312,'1500355424','/data/IN_Photo/2/gif1/1500355424.gif',2,2,'2017-07-18 05:26:58','0','2017-08-29 16:00:00',NULL),(313,'1500356783','/data/IN_Photo/2/gif2/1500356783.gif',2,1,'2017-07-18 05:49:36','3','2017-08-29 16:00:00',NULL),(314,'1500357059','/data/IN_Photo/2/gif2/1500357059.gif',2,1,'2017-07-18 05:54:13','3','2017-08-29 16:00:00',NULL),(315,'1500358635','/data/IN_Photo/2/gif1/1500358635.gif',2,2,'2017-07-18 06:20:29','0','2017-08-29 16:00:00',NULL),(316,'1500358732','/data/IN_Photo/2/gif1/1500358732.gif',2,2,'2017-07-18 06:22:07','0','2017-08-29 16:00:00',NULL),(317,'1500358866','/data/IN_Photo/2/gif2/1500358866.gif',2,1,'2017-07-18 06:24:19','3','2017-08-29 16:00:00',NULL),(318,'1500535643','/data/IN_Photo/2/slr/1500535643.png',2,3,'2017-07-20 07:30:44','0','2017-08-29 16:00:00',NULL),(319,'1500552576','/data/IN_Photo/2/gif2/1500552576.gif',2,1,'2017-07-20 12:07:05','3','2017-08-29 16:00:00',NULL),(320,'1500558641','/data/IN_Photo/2/slr/1500558641.png',2,3,'2017-07-20 13:51:35','0','2017-08-29 16:00:00',NULL),(321,'1500558702','/data/IN_Photo/2/slr/1500558702.png',2,3,'2017-07-20 13:53:45','0','2017-08-29 16:00:00',NULL),(322,'1500558800','/data/IN_Photo/2/slr/1500558800.png',2,3,'2017-07-20 13:54:19','0','2017-08-29 16:00:00',NULL),(323,'1500558846','/data/IN_Photo/2/slr/1500558846.png',2,3,'2017-07-20 13:55:01','0','2017-08-29 16:00:00',NULL),(324,'1500558903','/data/IN_Photo/2/slr/1500558903.png',2,3,'2017-07-20 13:55:57','0','2017-08-29 16:00:00',NULL),(325,'1500603934','/data/IN_Photo/2/gif2/1500603934.gif',2,1,'2017-07-21 02:22:58','3','2017-08-29 16:00:00',NULL),(326,'1500604118','/data/IN_Photo/2/gif2/1500604118.gif',2,1,'2017-07-21 02:26:03','3','2017-08-29 16:00:00',NULL),(327,'1500603971','/data/IN_Photo/2/slr/1500603971.png',2,3,'2017-07-21 02:27:58','0','2017-08-29 16:00:00',NULL),(328,'1500604263','/data/IN_Photo/2/slr/1500604263.png',2,3,'2017-07-21 02:32:00','0','2017-08-29 16:00:00',NULL),(329,'1500605210','/data/IN_Photo/2/gif2/1500605210.gif',2,1,'2017-07-21 02:44:17','3','2017-08-29 16:00:00',NULL),(330,'1500605524','/data/IN_Photo/2/gif1/1500605524.gif',2,2,'2017-07-21 02:49:28','0','2017-08-29 16:00:00',NULL),(331,'1500605878','/data/IN_Photo/2/gif1/1500605878.gif',2,2,'2017-07-21 02:55:23','0','2017-08-29 16:00:00',NULL),(332,'1500630376','/data/IN_Photo/2/slr/1500630376.png',2,3,'2017-07-21 09:47:11','0','2017-08-29 16:00:00',NULL),(333,'1500630787','/data/IN_Photo/2/slr/1500630787.png',2,3,'2017-07-21 09:54:01','0','2017-08-29 16:00:00',NULL),(334,'1500631205','/data/IN_Photo/2/slr/1500631205.png',2,3,'2017-07-21 10:01:04','0','2017-08-29 16:00:00',NULL),(335,'1500631821','/data/IN_Photo/2/slr/1500631821.png',2,3,'2017-07-21 10:11:21','0','2017-08-29 16:00:00',NULL),(336,'1500632529','/data/IN_Photo/2/slr/1500632529.png',2,3,'2017-07-21 10:23:06','0','2017-08-29 16:00:00',NULL),(337,'1500632757','/data/IN_Photo/2/slr/1500632757.png',2,3,'2017-07-21 10:26:53','0','2017-08-29 16:00:00',NULL),(338,'1500632886','/data/IN_Photo/2/slr/1500632886.png',2,3,'2017-07-21 10:29:01','0','2017-08-29 16:00:00',NULL),(339,'1500632944','/data/IN_Photo/2/slr/1500632944.png',2,3,'2017-07-21 10:29:59','0','2017-08-29 16:00:00',NULL),(340,'1500634106','/data/IN_Photo/2/slr/1500634106.png',2,3,'2017-07-21 10:49:24','0','2017-08-29 16:00:00',NULL),(341,'1500634209','/data/IN_Photo/2/slr/1500634209.png',2,3,'2017-07-21 10:51:07','0','2017-08-29 16:00:00',NULL),(342,'1500634362','/data/IN_Photo/2/slr/1500634362.png',2,3,'2017-07-21 10:53:39','0','2017-08-29 16:00:00',NULL),(343,'1500634393','/data/IN_Photo/2/slr/1500634393.png',2,3,'2017-07-21 10:54:11','0','2017-08-29 16:00:00',NULL),(344,'1500634768','/data/IN_Photo/2/gif1/1500634768.gif',2,2,'2017-07-21 10:56:55','0','2017-08-29 16:00:00',NULL),(345,'1500634918','/data/IN_Photo/2/gif1/1500634918.gif',2,2,'2017-07-21 10:59:28','0','2017-08-29 16:00:00',NULL),(346,'1500634907','/data/IN_Photo/2/slr/1500634907.png',2,3,'2017-07-21 11:02:44','0','2017-08-29 16:00:00',NULL),(347,'1500635469','/data/IN_Photo/2/gif1/1500635469.gif',2,2,'2017-07-21 11:08:31','0','2017-08-29 16:00:00',NULL),(348,'1500635643','/data/IN_Photo/2/slr/1500635643.png',2,3,'2017-07-21 11:15:20','0','2017-08-29 16:00:00',NULL),(349,'1500635818','/data/IN_Photo/2/slr/1500635818.png',2,3,'2017-07-21 11:17:54','0','2017-08-29 16:00:00',NULL),(350,'1500636128','/data/IN_Photo/2/gif1/1500636128.gif',2,2,'2017-07-21 11:19:30','0','2017-08-29 16:00:00',NULL),(351,'1500636070','/data/IN_Photo/2/slr/1500636070.png',2,3,'2017-07-21 11:22:06','0','2017-08-29 16:00:00',NULL),(352,'1500636592','/data/IN_Photo/2/gif1/1500636592.gif',2,2,'2017-07-21 11:27:15','0','2017-08-29 16:00:00',NULL),(353,'1500636390','/data/IN_Photo/2/slr/1500636390.png',2,3,'2017-07-21 11:27:27','0','2017-08-29 16:00:00',NULL),(354,'1500636519','/data/IN_Photo/2/slr/1500636519.png',2,3,'2017-07-21 11:29:37','0','2017-08-29 16:00:00',NULL),(355,'1500636736','/data/IN_Photo/2/slr/1500636736.png',2,3,'2017-07-21 11:33:23','0','2017-08-29 16:00:00',NULL),(356,'1500636869','/data/IN_Photo/2/slr/1500636869.png',2,3,'2017-07-21 11:35:26','0','2017-08-29 16:00:00',NULL),(357,'1500637132','/data/IN_Photo/2/gif1/1500637132.gif',2,2,'2017-07-21 11:36:19','0','2017-08-29 16:00:00',NULL),(358,'1500637071','/data/IN_Photo/2/slr/1500637071.png',2,3,'2017-07-21 11:38:53','0','2017-08-29 16:00:00',NULL),(359,'1500637295','/data/IN_Photo/2/slr/1500637295.png',2,3,'2017-07-21 11:42:33','0','2017-08-29 16:00:00',NULL),(360,'1500637519','/data/IN_Photo/2/gif1/1500637519.gif',2,2,'2017-07-21 11:42:48','0','2017-08-29 16:00:00',NULL),(361,'1500637550','/data/IN_Photo/2/slr/1500637550.png',2,3,'2017-07-21 11:47:05','0','2017-08-29 16:00:00',NULL),(362,'1500637666','/data/IN_Photo/2/slr/1500637666.png',2,3,'2017-07-21 11:48:48','0','2017-08-29 16:00:00',NULL),(363,'1500638387','/data/IN_Photo/2/slr/1500638387.png',2,3,'2017-07-21 12:00:46','0','2017-08-29 16:00:00',NULL),(364,'1500643473','/data/IN_Photo/2/slr/1500643473.png',2,3,'2017-07-21 13:25:33','0','2017-08-29 16:00:00',NULL),(365,'1500643758','/data/IN_Photo/2/gif1/1500643758.gif',2,2,'2017-07-21 13:26:45','0','2017-08-29 16:00:00',NULL),(366,'1500643980','/data/IN_Photo/2/gif1/1500643980.gif',2,2,'2017-07-21 13:30:22','0','2017-08-29 16:00:00',NULL),(367,'1500644118','/data/IN_Photo/2/gif1/1500644118.gif',2,2,'2017-07-21 13:33:35','0','2017-08-29 16:00:00',NULL),(368,'1500644458','/data/IN_Photo/2/gif1/1500644458.gif',2,2,'2017-07-21 13:38:22','0','2017-08-29 16:00:00',NULL),(369,'1500644919','/data/IN_Photo/2/slr/1500644919.png',2,3,'2017-07-21 13:49:38','0','2017-08-29 16:00:00',NULL),(370,'1500645075','/data/IN_Photo/2/slr/1500645075.png',2,3,'2017-07-21 13:52:21','0','2017-08-29 16:00:00',NULL),(371,'1500863348','/data/IN_Photo/2/slr/1500863348.png',2,3,'2017-07-24 02:30:11','0','2017-08-29 16:00:00',NULL),(372,'1501124845','/data/IN_Photo/2/slr/1501124845.png',2,3,'2017-07-27 03:06:39','0','2017-08-29 16:00:00',NULL),(373,'1501125027','/data/IN_Photo/2/slr/1501125027.png',2,3,'2017-07-27 03:09:40','0','2017-08-29 16:00:00',NULL),(374,'1501125164','/data/IN_Photo/2/slr/1501125164.png',2,3,'2017-07-27 03:11:57','0','2017-08-29 16:00:00',NULL),(375,'1501125366','/data/IN_Photo/2/slr/1501125366.png',2,3,'2017-07-27 03:15:21','0','2017-08-29 16:00:00',NULL),(376,'1501125443','/data/IN_Photo/2/slr/1501125443.png',2,3,'2017-07-27 03:16:37','0','2017-08-29 16:00:00',NULL),(377,'1501125518','/data/IN_Photo/2/slr/1501125518.png',2,3,'2017-07-27 03:17:52','0','2017-08-29 16:00:00',NULL),(378,'1501125584','/data/IN_Photo/2/slr/1501125584.png',2,3,'2017-07-27 03:18:59','0','2017-08-29 16:00:00',NULL),(379,'1501126067','/data/IN_Photo/2/slr/1501126067.png',2,3,'2017-07-27 03:27:05','0','2017-08-29 16:00:00',NULL),(380,'1501134969','/data/IN_Photo/2/slr/1501134969.png',2,3,'2017-07-27 05:55:25','0','2017-08-29 16:00:00',NULL),(381,'1501135072','/data/IN_Photo/2/slr/1501135072.png',2,3,'2017-07-27 05:57:08','0','2017-08-29 16:00:00',NULL),(382,'1501135856','/data/IN_Photo/2/slr/1501135856.png',2,3,'2017-07-27 06:10:11','0','2017-08-29 16:00:00',NULL),(383,'1501136156','/data/IN_Photo/2/slr/1501136156.png',2,3,'2017-07-27 06:15:10','0','2017-08-29 16:00:00',NULL),(384,'1501136246','/data/IN_Photo/2/slr/1501136246.png',2,3,'2017-07-27 06:16:41','0','2017-08-29 16:00:00',NULL),(385,'1501136623','/data/IN_Photo/2/slr/1501136623.png',2,3,'2017-07-27 06:22:56','0','2017-08-29 16:00:00',NULL),(386,'1501136894','/data/IN_Photo/2/slr/1501136894.png',2,3,'2017-07-27 06:27:31','0','2017-08-29 16:00:00',NULL),(387,'1501137003','/data/IN_Photo/2/slr/1501137003.png',2,3,'2017-07-27 06:29:20','0','2017-08-29 16:00:00',NULL),(388,'1501139672','/data/IN_Photo/2/slr/1501139672.png',2,3,'2017-07-27 07:14:11','0','2017-08-29 16:00:00',NULL),(389,'1501139869','/data/IN_Photo/2/slr/1501139869.png',2,3,'2017-07-27 07:17:04','0','2017-08-29 16:00:00',NULL),(390,'1501139984','/data/IN_Photo/2/slr/1501139984.png',2,3,'2017-07-27 07:18:57','0','2017-08-29 16:00:00',NULL),(391,'1501140079','/data/IN_Photo/2/slr/1501140079.png',2,3,'2017-07-27 07:20:36','0','2017-08-29 16:00:00',NULL),(392,'1501140200','/data/IN_Photo/2/slr/1501140200.png',2,3,'2017-07-27 07:22:35','0','2017-08-29 16:00:00',NULL),(393,'1501140277','/data/IN_Photo/2/slr/1501140277.png',2,3,'2017-07-27 07:23:50','0','2017-08-29 16:00:00',NULL),(394,'1501140492','/data/IN_Photo/2/slr/1501140492.png',2,3,'2017-07-27 07:27:27','0','2017-08-29 16:00:00',NULL),(395,'1501141426','/data/IN_Photo/2/slr/1501141426.png',2,3,'2017-07-27 07:43:01','0','2017-08-29 16:00:00',NULL),(396,'1501141647','/data/IN_Photo/2/slr/1501141647.png',2,3,'2017-07-27 07:46:41','0','2017-08-29 16:00:00',NULL),(397,'1501143122','/data/IN_Photo/2/slr/1501143122.png',2,3,'2017-07-27 08:13:09','0','2017-08-29 16:00:00',NULL),(398,'1501144831','/data/IN_Photo/2/slr/1501144831.png',2,3,'2017-07-27 08:41:56','0','2017-08-29 16:00:00',NULL),(399,'1501221736','/data/IN_Photo/2/slr/1501221736.png',2,3,'2017-07-28 06:03:37','0','2017-08-29 16:00:00',NULL),(400,'1501221989','/data/IN_Photo/2/slr/1501221989.png',2,3,'2017-07-28 06:08:25','0','2017-08-29 16:00:00',NULL),(401,'1501222799','/data/IN_Photo/2/slr/1501222799.png',2,3,'2017-07-28 06:21:52','0','2017-08-29 16:00:00',NULL),(402,'1501223189','/data/IN_Photo/2/slr/1501223189.png',2,3,'2017-07-28 06:28:27','0','2017-08-29 16:00:00',NULL),(403,'1501225335','/data/IN_Photo/2/slr/1501225335.png',2,3,'2017-07-28 07:03:52','0','2017-08-29 16:00:00',NULL),(404,'1501225855','/data/IN_Photo/2/slr/1501225855.png',2,3,'2017-07-28 07:12:31','0','2017-08-29 16:00:00',NULL),(405,'1501225926','/data/IN_Photo/2/slr/1501225926.png',2,3,'2017-07-28 07:13:42','0','2017-08-29 16:00:00',NULL),(406,'1501226029','/data/IN_Photo/2/slr/1501226029.png',2,3,'2017-07-28 07:15:24','0','2017-08-29 16:00:00',NULL),(407,'1501227464','/data/IN_Photo/2/slr/1501227464.png',2,3,'2017-07-28 07:37:00','0','2017-08-29 16:00:00',NULL),(408,'1501227682','/data/IN_Photo/2/slr/1501227682.png',2,3,'2017-07-28 07:40:38','0','2017-08-29 16:00:00',NULL),(409,'1501228709','/data/IN_Photo/2/slr/1501228709.png',2,3,'2017-07-28 07:57:45','0','2017-08-29 16:00:00',NULL),(410,'1501228972','/data/IN_Photo/2/slr/1501228972.png',2,3,'2017-07-28 08:02:06','0','2017-08-29 16:00:00',NULL),(411,'1501228882','/data/IN_Photo/2/slr/1501228882.png',2,3,'2017-07-28 08:02:59','0','2017-08-29 16:00:00',NULL),(412,'1501228955','/data/IN_Photo/2/slr/1501228955.png',2,3,'2017-07-28 08:04:12','0','2017-08-29 16:00:00',NULL),(413,'1501229080','/data/IN_Photo/2/slr/1501229080.png',2,3,'2017-07-28 08:06:15','0','2017-08-29 16:00:00',NULL),(414,'1501229185','/data/IN_Photo/2/slr/1501229185.png',2,3,'2017-07-28 08:08:08','0','2017-08-29 16:00:00',NULL),(415,'1501229574','/data/IN_Photo/2/slr/1501229574.png',2,3,'2017-07-28 08:14:33','0','2017-08-29 16:00:00',NULL),(416,'1501229793','/data/IN_Photo/2/slr/1501229793.png',2,3,'2017-07-28 08:18:10','0','2017-08-29 16:00:00',NULL),(417,'1501253527','/data/IN_Photo/2/slr/1501253527.png',2,3,'2017-07-28 14:51:20','0','2017-08-29 16:00:00',NULL),(418,'1501309038','/data/IN_Photo/2/slr/1501309038.png',2,3,'2017-07-29 06:19:24','0','2017-08-29 16:00:00',NULL),(419,'1501309478','/data/IN_Photo/2/slr/1501309478.png',2,3,'2017-07-29 06:26:26','0','2017-08-29 16:00:00',NULL),(420,'1501309807','/data/IN_Photo/2/slr/1501309807.png',2,3,'2017-07-29 06:31:52','0','2017-08-29 16:00:00',NULL),(421,'1501312281','/data/IN_Photo/2/slr/1501312281.png',2,3,'2017-07-29 07:13:32','0','2017-08-29 16:00:00',NULL),(422,'1501312415','/data/IN_Photo/2/slr/1501312415.png',2,3,'2017-07-29 07:15:56','0','2017-08-29 16:00:00',NULL),(423,'1501312609','/data/IN_Photo/2/slr/1501312609.png',2,3,'2017-07-29 07:18:52','0','2017-08-29 16:00:00',NULL),(424,'1501312863','/data/IN_Photo/2/slr/1501312863.png',2,3,'2017-07-29 07:22:40','0','2017-08-29 16:00:00',NULL),(425,'1501313018','/data/IN_Photo/2/slr/1501313018.png',2,3,'2017-07-29 07:25:16','0','2017-08-29 16:00:00',NULL),(426,'1501313089','/data/IN_Photo/2/slr/1501313089.png',2,3,'2017-07-29 07:26:27','0','2017-08-29 16:00:00',NULL),(427,'1501313122','/data/IN_Photo/2/slr/1501313122.png',2,3,'2017-07-29 07:27:01','0','2017-08-29 16:00:00',NULL),(428,'1501313211','/data/IN_Photo/2/slr/1501313211.png',2,3,'2017-07-29 07:28:30','0','2017-08-29 16:00:00',NULL),(429,'1501313303','/data/IN_Photo/2/slr/1501313303.png',2,3,'2017-07-29 07:30:09','0','2017-08-29 16:00:00',NULL),(430,'1501318358','/data/IN_Photo/2/slr/1501318358.png',2,3,'2017-07-29 08:54:21','0','2017-08-29 16:00:00',NULL),(431,'1501322075','/data/IN_Photo/2/slr/1501322075.png',2,3,'2017-07-29 09:56:19','0','2017-08-29 16:00:00',NULL),(432,'1501324122','/data/IN_Photo/2/slr/1501324122.png',2,3,'2017-07-29 10:30:23','0','2017-08-29 16:00:00',NULL),(433,'1501324233','/data/IN_Photo/2/slr/1501324233.png',2,3,'2017-07-29 10:32:15','0','2017-08-29 16:00:00',NULL),(434,'1501324448','/data/IN_Photo/2/slr/1501324448.png',2,3,'2017-07-29 10:35:48','0','2017-08-29 16:00:00',NULL),(435,'1501325941','/data/IN_Photo/2/slr/1501325941.png',2,3,'2017-07-29 11:00:48','0','2017-08-29 16:00:00',NULL),(436,'1501326581','/data/IN_Photo/2/slr/1501326581.png',2,3,'2017-07-29 11:11:22','0','2017-08-29 16:00:00',NULL),(437,'1501326707','/data/IN_Photo/2/slr/1501326707.png',2,3,'2017-07-29 11:13:27','0','2017-08-29 16:00:00',NULL),(438,'1501328330','/data/IN_Photo/2/slr/1501328330.png',2,3,'2017-07-29 11:40:36','0','2017-08-29 16:00:00',NULL),(439,'1501328441','/data/IN_Photo/2/slr/1501328441.png',2,3,'2017-07-29 11:42:35','0','2017-08-29 16:00:00',NULL),(440,'1501328592','/data/IN_Photo/2/slr/1501328592.png',2,3,'2017-07-29 11:44:52','0','2017-08-29 16:00:00',NULL),(441,'1501328627','/data/IN_Photo/2/slr/1501328627.png',2,3,'2017-07-29 11:45:33','0','2017-08-29 16:00:00',NULL),(442,'1501328712','/data/IN_Photo/2/slr/1501328712.png',2,3,'2017-07-29 11:46:56','0','2017-08-29 16:00:00',NULL),(443,'1501328881','/data/IN_Photo/2/slr/1501328881.png',2,3,'2017-07-29 11:49:40','0','2017-08-29 16:00:00',NULL),(444,'1501328974','/data/IN_Photo/2/slr/1501328974.png',2,3,'2017-07-29 11:51:16','0','2017-08-29 16:00:00',NULL),(445,'1501329050','/data/IN_Photo/2/slr/1501329050.png',2,3,'2017-07-29 11:52:33','0','2017-08-29 16:00:00',NULL),(446,'1501329126','/data/IN_Photo/2/slr/1501329126.png',2,3,'2017-07-29 11:53:48','0','2017-08-29 16:00:00',NULL),(447,'1501329205','/data/IN_Photo/2/slr/1501329205.png',2,3,'2017-07-29 11:55:10','0','2017-08-29 16:00:00',NULL),(448,'1501329394','/data/IN_Photo/2/slr/1501329394.png',2,3,'2017-07-29 11:58:12','0','2017-08-29 16:00:00',NULL),(449,'1501329490','/data/IN_Photo/2/slr/1501329490.png',2,3,'2017-07-29 11:59:50','0','2017-08-29 16:00:00',NULL),(450,'1501330377','/data/IN_Photo/2/slr/1501330377.png',2,3,'2017-07-29 12:14:43','0','2017-08-29 16:00:00',NULL),(451,'1501330480','/data/IN_Photo/2/slr/1501330480.png',2,3,'2017-07-29 12:16:19','0','2017-08-29 16:00:00',NULL),(452,'1501330553','/data/IN_Photo/2/slr/1501330553.png',2,3,'2017-07-29 12:17:34','0','2017-08-29 16:00:00',NULL),(453,'1501330659','/data/IN_Photo/2/slr/1501330659.png',2,3,'2017-07-29 12:19:17','0','2017-08-29 16:00:00',NULL),(454,'1501330738','/data/IN_Photo/2/slr/1501330738.png',2,3,'2017-07-29 12:20:35','0','2017-08-29 16:00:00',NULL),(455,'1501474604','/data/IN_Photo/2/slr/1501474604.png',2,3,'2017-07-31 04:15:57','0','2017-08-29 16:00:00',NULL),(456,'1501479586','/data/IN_Photo/2/slr/1501479586.png',2,3,'2017-07-31 05:40:35','0','2017-08-29 16:00:00',NULL),(457,'1501482633','/data/IN_Photo/2/slr/1501482633.png',2,3,'2017-07-31 06:29:45','0','2017-08-29 16:00:00',NULL),(458,'1501483205','/data/IN_Photo/2/slr/1501483205.png',2,3,'2017-07-31 06:39:19','0','2017-08-29 16:00:00',NULL),(459,'1501483489','/data/IN_Photo/2/slr/1501483489.png',2,3,'2017-07-31 06:45:58','0','2017-08-29 16:00:00',NULL),(460,'1501483695','/data/IN_Photo/2/slr/1501483695.png',2,3,'2017-07-31 06:47:30','0','2017-08-29 16:00:00',NULL),(461,'1501483612','/data/IN_Photo/2/slr/1501483612.png',2,3,'2017-07-31 06:47:30','0','2017-08-29 16:00:00',NULL),(462,'1501483825','/data/IN_Photo/2/slr/1501483825.png',2,3,'2017-07-31 06:49:35','0','2017-08-29 16:00:00',NULL),(463,'1501484209','/data/IN_Photo/2/slr/1501484209.png',2,3,'2017-07-31 06:57:44','0','2017-08-29 16:00:00',NULL),(464,'1501485015','/data/IN_Photo/2/slr/1501485015.png',2,3,'2017-07-31 07:09:30','0','2017-08-29 16:00:00',NULL),(465,'1501485448','/data/IN_Photo/2/slr/1501485448.png',2,3,'2017-07-31 07:16:40','0','2017-08-29 16:00:00',NULL),(466,'1501489955','/data/IN_Photo/2/slr/1501489955.png',2,3,'2017-07-31 08:33:07','0','2017-08-29 16:00:00',NULL),(467,'1501491166','/data/IN_Photo/2/slr/1501491166.png',2,3,'2017-07-31 08:53:24','0','2017-08-29 16:00:00',NULL),(468,'1501491748','/data/IN_Photo/2/slr/1501491748.png',2,3,'2017-07-31 09:01:39','0','2017-08-29 16:00:00',NULL),(469,'1501491881','/data/IN_Photo/2/slr/1501491881.png',2,3,'2017-07-31 09:06:30','0','2017-08-29 16:00:00',NULL),(470,'1501492034','/data/IN_Photo/2/slr/1501492034.png',2,3,'2017-07-31 09:07:58','0','2017-08-29 16:00:00',NULL),(471,'1501492151','/data/IN_Photo/2/slr/1501492151.png',2,3,'2017-07-31 09:09:43','0','2017-08-29 16:00:00',NULL),(472,'1501492464','/data/IN_Photo/2/slr/1501492464.png',2,3,'2017-07-31 09:13:56','0','2017-08-29 16:00:00',NULL),(473,'1501492608','/data/IN_Photo/2/slr/1501492608.png',2,3,'2017-07-31 09:15:59','0','2017-08-29 16:00:00',NULL),(474,'1501492784','/data/IN_Photo/2/slr/1501492784.png',2,3,'2017-07-31 09:18:56','0','2017-08-29 16:00:00',NULL),(475,'1501492933','/data/IN_Photo/2/slr/1501492933.png',2,3,'2017-07-31 09:21:25','0','2017-08-29 16:00:00',NULL),(476,'1501493055','/data/IN_Photo/2/slr/1501493055.png',2,3,'2017-07-31 09:23:28','0','2017-08-29 16:00:00',NULL),(477,'1501493217','/data/IN_Photo/2/slr/1501493217.png',2,3,'2017-07-31 09:26:09','0','2017-08-29 16:00:00',NULL),(478,'1501493309','/data/IN_Photo/2/slr/1501493309.png',2,3,'2017-07-31 09:27:41','0','2017-08-29 16:00:00',NULL),(479,'1501493386','/data/IN_Photo/2/slr/1501493386.png',2,3,'2017-07-31 09:28:58','0','2017-08-29 16:00:00',NULL),(480,'1501493470','/data/IN_Photo/2/slr/1501493470.png',2,3,'2017-07-31 09:30:20','0','2017-08-29 16:00:00',NULL),(481,'1501494144','/data/IN_Photo/2/slr/1501494144.png',2,3,'2017-07-31 09:41:35','0','2017-08-29 16:00:00',NULL),(482,'1501494378','/data/IN_Photo/2/slr/1501494378.png',2,3,'2017-07-31 09:45:32','0','2017-08-29 16:00:00',NULL),(483,'1501494787','/data/IN_Photo/2/slr/1501494787.png',2,3,'2017-07-31 09:53:40','0','2017-08-29 16:00:00',NULL),(484,'1501495330','/data/IN_Photo/2/slr/1501495330.png',2,3,'2017-07-31 10:02:48','0','2017-08-29 16:00:00',NULL),(485,'1501495358','/data/IN_Photo/2/slr/1501495358.png',2,3,'2017-07-31 10:03:09','0','2017-08-29 16:00:00',NULL),(486,'1501495376','/data/IN_Photo/2/slr/1501495376.png',2,3,'2017-07-31 10:03:28','0','2017-08-29 16:00:00',NULL),(487,'1501495395','/data/IN_Photo/2/slr/1501495395.png',2,3,'2017-07-31 10:03:47','0','2017-08-29 16:00:00',NULL),(488,'1501495415','/data/IN_Photo/2/slr/1501495415.png',2,3,'2017-07-31 10:04:07','0','2017-08-29 16:00:00',NULL),(489,'1501549493','/data/IN_Photo/2/slr/1501549493.png',2,3,'2017-08-01 01:05:32','0','2017-08-29 16:00:00',NULL),(490,'1501550645','/data/IN_Photo/2/slr/1501550645.png',2,3,'2017-08-01 01:24:42','0','2017-08-29 16:00:00',NULL),(491,'1501580468','/data/IN_Photo/2/slr/1501580468.png',2,3,'2017-08-01 09:41:52','0','2017-08-29 16:00:00',NULL),(492,'1501580562','/data/IN_Photo/2/slr/1501580562.png',2,3,'2017-08-01 09:43:18','0','2017-08-29 16:00:00',NULL),(493,'1501580648','/data/IN_Photo/2/slr/1501580648.png',2,3,'2017-08-01 09:45:10','0','2017-08-29 16:00:00',NULL),(494,'1501580706','/data/IN_Photo/2/slr/1501580706.png',2,3,'2017-08-01 09:45:41','0','2017-08-29 16:00:00',NULL),(495,'1501642782','/data/IN_Photo/2/slr/1501642782.png',2,3,'2017-08-02 02:58:51','0','2017-08-29 16:00:00',NULL),(496,'1501642862','/data/IN_Photo/2/slr/1501642862.png',2,3,'2017-08-02 03:00:12','0','2017-08-29 16:00:00',NULL),(497,'1501642966','/data/IN_Photo/2/slr/1501642966.png',2,3,'2017-08-02 03:01:55','0','2017-08-29 16:00:00',NULL),(498,'1501643040','/data/IN_Photo/2/slr/1501643040.png',2,3,'2017-08-02 03:03:10','0','2017-08-29 16:00:00',NULL),(499,'1501643172','/data/IN_Photo/2/slr/1501643172.png',2,3,'2017-08-02 03:05:22','0','2017-08-29 16:00:00',NULL),(500,'1501643266','/data/IN_Photo/2/slr/1501643266.png',2,3,'2017-08-02 03:06:55','0','2017-08-29 16:00:00',NULL),(501,'1501643763','/data/IN_Photo/2/slr/1501643763.png',2,3,'2017-08-02 03:15:14','0','2017-08-29 16:00:00',NULL),(502,'1501643871','/data/IN_Photo/2/slr/1501643871.png',2,3,'2017-08-02 03:16:59','0','2017-08-29 16:00:00',NULL),(503,'1501643919','/data/IN_Photo/2/slr/1501643919.png',2,3,'2017-08-02 03:17:47','0','2017-08-29 16:00:00',NULL),(504,'1501643966','/data/IN_Photo/2/slr/1501643966.png',2,3,'2017-08-02 03:18:36','0','2017-08-29 16:00:00',NULL),(505,'1501644265','/data/IN_Photo/2/slr/1501644265.png',2,3,'2017-08-02 03:23:34','0','2017-08-29 16:00:00',NULL),(506,'1501645173','/data/IN_Photo/2/slr/1501645173.png',2,3,'2017-08-02 03:38:42','0','2017-08-29 16:00:00',NULL),(507,'1501645583','/data/IN_Photo/2/slr/1501645583.png',2,3,'2017-08-02 03:45:34','0','2017-08-29 16:00:00',NULL),(508,'1501645510','/data/IN_Photo/2/slr/1501645510.png',2,3,'2017-08-02 03:45:48','0','2017-08-29 16:00:00',NULL),(509,'1501645574','/data/IN_Photo/2/slr/1501645574.png',2,3,'2017-08-02 03:46:50','0','2017-08-29 16:00:00',NULL),(510,'1501645804','/data/IN_Photo/2/slr/1501645804.png',2,3,'2017-08-02 03:50:44','0','2017-08-29 16:00:00',NULL),(511,'1501645965','/data/IN_Photo/2/slr/1501645965.png',2,3,'2017-08-02 03:53:23','0','2017-08-29 16:00:00',NULL),(512,'1501646017','/data/IN_Photo/2/slr/1501646017.png',2,3,'2017-08-02 03:54:17','0','2017-08-29 16:00:00',NULL),(513,'1501646237','/data/IN_Photo/2/slr/1501646237.png',2,3,'2017-08-02 03:57:55','0','2017-08-29 16:00:00',NULL),(514,'1501646667','/data/IN_Photo/2/slr/1501646667.png',2,3,'2017-08-02 04:03:36','0','2017-08-29 16:00:00',NULL),(515,'1501646828','/data/IN_Photo/2/slr/1501646828.png',2,3,'2017-08-02 04:06:18','0','2017-08-29 16:00:00',NULL),(516,'1501646973','/data/IN_Photo/2/slr/1501646973.png',2,3,'2017-08-02 04:08:43','0','2017-08-29 16:00:00',NULL),(517,'1501647226','/data/IN_Photo/2/slr/1501647226.png',2,3,'2017-08-02 04:14:27','0','2017-08-29 16:00:00',NULL),(518,'1501652451','/data/IN_Photo/2/slr/1501652451.png',2,3,'2017-08-02 05:40:01','0','2017-08-29 16:00:00',NULL),(519,'1501652605','/data/IN_Photo/2/slr/1501652605.png',2,3,'2017-08-02 05:42:35','0','2017-08-29 16:00:00',NULL),(520,'1501652816','/data/IN_Photo/2/slr/1501652816.png',2,3,'2017-08-02 05:47:30','0','2017-08-29 16:00:00',NULL),(521,'1501652962','/data/IN_Photo/2/slr/1501652962.png',2,3,'2017-08-02 05:50:00','0','2017-08-29 16:00:00',NULL),(522,'1501662930','/data/IN_Photo/2/slr/1501662930.png',2,3,'2017-08-02 08:36:04','0','2017-08-29 16:00:00',NULL),(523,'1501664874','/data/IN_Photo/2/slr/1501664874.png',2,3,'2017-08-02 09:09:02','0','2017-08-29 16:00:00',NULL),(524,'1501664929','/data/IN_Photo/2/slr/1501664929.png',2,3,'2017-08-02 09:09:51','0','2017-08-29 16:00:00',NULL),(525,'1501665148','/data/IN_Photo/2/slr/1501665148.png',2,3,'2017-08-02 09:13:23','0','2017-08-29 16:00:00',NULL),(526,'1501665199','/data/IN_Photo/2/slr/1501665199.png',2,3,'2017-08-02 09:13:56','0','2017-08-29 16:00:00',NULL),(527,'1501665224','/data/IN_Photo/2/slr/1501665224.png',2,3,'2017-08-02 09:14:22','0','2017-08-29 16:00:00',NULL),(528,'1501665643','/data/IN_Photo/2/slr/1501665643.png',2,3,'2017-08-02 09:21:19','0','2017-08-29 16:00:00',NULL),(529,'1501666483','/data/IN_Photo/2/slr/1501666483.png',2,3,'2017-08-02 09:35:24','0','2017-08-29 16:00:00',NULL),(530,'1501666740','/data/IN_Photo/2/slr/1501666740.png',2,3,'2017-08-02 09:39:40','0','2017-08-29 16:00:00',NULL),(531,'1501723320','/data/IN_Photo/2/slr/1501723320.png',2,3,'2017-08-03 01:22:37','0','2017-08-29 16:00:00',NULL),(532,'1501723344','/data/IN_Photo/2/slr/1501723344.png',2,3,'2017-08-03 01:23:10','0','2017-08-29 16:00:00',NULL),(533,'1501723979','/data/IN_Photo/2/slr/1501723979.png',2,3,'2017-08-03 01:32:07','0','2017-08-29 16:00:00',NULL),(534,'1501724019','/data/IN_Photo/2/slr/1501724019.png',2,3,'2017-08-03 01:32:51','0','2017-08-29 16:00:00',NULL),(535,'1501724046','/data/IN_Photo/2/slr/1501724046.png',2,3,'2017-08-03 01:33:12','0','2017-08-29 16:00:00',NULL),(536,'1501724063','/data/IN_Photo/2/slr/1501724063.png',2,3,'2017-08-03 01:33:34','0','2017-08-29 16:00:00',NULL),(537,'1501724335','/data/IN_Photo/2/slr/1501724335.png',2,3,'2017-08-03 01:38:01','0','2017-08-29 16:00:00',NULL),(538,'1501724712','/data/IN_Photo/2/slr/1501724712.png',2,3,'2017-08-03 01:44:18','0','2017-08-29 16:00:00',NULL),(539,'1501724729','/data/IN_Photo/2/slr/1501724729.png',2,3,'2017-08-03 01:44:38','0','2017-08-29 16:00:00',NULL),(540,'1501724972','/data/IN_Photo/2/slr/1501724972.png',2,3,'2017-08-03 01:48:39','0','2017-08-29 16:00:00',NULL),(541,'1501725778','/data/IN_Photo/2/slr/1501725778.png',2,3,'2017-08-03 02:02:05','0','2017-08-29 16:00:00',NULL),(542,'1501725850','/data/IN_Photo/2/slr/1501725850.png',2,3,'2017-08-03 02:03:17','0','2017-08-29 16:00:00',NULL),(543,'1501726002','/data/IN_Photo/2/slr/1501726002.png',2,3,'2017-08-03 02:05:48','0','2017-08-29 16:00:00',NULL),(544,'1501726198','/data/IN_Photo/2/slr/1501726198.png',2,3,'2017-08-03 02:09:04','0','2017-08-29 16:00:00',NULL),(545,'1501726215','/data/IN_Photo/2/slr/1501726215.png',2,3,'2017-08-03 02:09:24','0','2017-08-29 16:00:00',NULL),(546,'1501726310','/data/IN_Photo/2/slr/1501726310.png',2,3,'2017-08-03 02:11:05','0','2017-08-29 16:00:00',NULL),(547,'1501726337','/data/IN_Photo/2/slr/1501726337.png',2,3,'2017-08-03 02:11:50','0','2017-08-29 16:00:00',NULL),(548,'1501726422','/data/IN_Photo/2/slr/1501726422.png',2,3,'2017-08-03 02:12:49','0','2017-08-29 16:00:00',NULL),(549,'1501726572','/data/IN_Photo/2/slr/1501726572.png',2,3,'2017-08-03 02:15:18','0','2017-08-29 16:00:00',NULL),(550,'1501726633','/data/IN_Photo/2/slr/1501726633.png',2,3,'2017-08-03 02:16:18','0','2017-08-29 16:00:00',NULL),(551,'1501726650','/data/IN_Photo/2/slr/1501726650.png',2,3,'2017-08-03 02:16:57','0','2017-08-29 16:00:00',NULL),(552,'1501726709','/data/IN_Photo/2/slr/1501726709.png',2,3,'2017-08-03 02:17:49','0','2017-08-29 16:00:00',NULL),(553,'1501726741','/data/IN_Photo/2/slr/1501726741.png',2,3,'2017-08-03 02:18:23','0','2017-08-29 16:00:00',NULL),(554,'1501726775','/data/IN_Photo/2/slr/1501726775.png',2,3,'2017-08-03 02:19:23','0','2017-08-29 16:00:00',NULL),(555,'1501726879','/data/IN_Photo/2/slr/1501726879.png',2,3,'2017-08-03 02:20:27','0','2017-08-29 16:00:00',NULL),(556,'1501726978','/data/IN_Photo/2/slr/1501726978.png',2,3,'2017-08-03 02:22:03','0','2017-08-29 16:00:00',NULL),(557,'1501727351','/data/IN_Photo/2/slr/1501727351.png',2,3,'2017-08-03 02:28:24','0','2017-08-29 16:00:00',NULL),(558,'1501727383','/data/IN_Photo/2/slr/1501727383.png',2,3,'2017-08-03 02:28:54','0','2017-08-29 16:00:00',NULL),(559,'1501727970','/data/IN_Photo/2/slr/1501727970.png',2,3,'2017-08-03 02:38:36','0','2017-08-29 16:00:00',NULL),(560,'1501728098','/data/IN_Photo/2/slr/1501728098.png',2,3,'2017-08-03 02:40:43','0','2017-08-29 16:00:00',NULL),(561,'1501728324','/data/IN_Photo/2/slr/1501728324.png',2,3,'2017-08-03 02:44:31','0','2017-08-29 16:00:00',NULL),(562,'1501728443','/data/IN_Photo/2/slr/1501728443.png',2,3,'2017-08-03 02:46:29','0','2017-08-29 16:00:00',NULL),(563,'1501728788','/data/IN_Photo/2/slr/1501728788.png',2,3,'2017-08-03 02:52:14','0','2017-08-29 16:00:00',NULL),(564,'1501728970','/data/IN_Photo/2/slr/1501728970.png',2,3,'2017-08-03 02:55:26','0','2017-08-29 16:00:00',NULL),(565,'1501729207','/data/IN_Photo/2/slr/1501729207.png',2,3,'2017-08-03 02:59:13','0','2017-08-29 16:00:00',NULL),(566,'1501729483','/data/IN_Photo/2/slr/1501729483.png',2,3,'2017-08-03 03:03:51','0','2017-08-29 16:00:00',NULL),(567,'1501729715','/data/IN_Photo/2/slr/1501729715.png',2,3,'2017-08-03 03:07:43','0','2017-08-29 16:00:00',NULL),(568,'1501729743','/data/IN_Photo/2/slr/1501729743.png',2,3,'2017-08-03 03:08:09','0','2017-08-29 16:00:00',NULL),(569,'1501729844','/data/IN_Photo/2/slr/1501729844.png',2,3,'2017-08-03 03:09:54','0','2017-08-29 16:00:00',NULL),(570,'1501729928','/data/IN_Photo/2/slr/1501729928.png',2,3,'2017-08-03 03:11:13','0','2017-08-29 16:00:00',NULL),(571,'1501729945','/data/IN_Photo/2/slr/1501729945.png',2,3,'2017-08-03 03:11:31','0','2017-08-29 16:00:00',NULL),(572,'1501730283','/data/IN_Photo/2/slr/1501730283.png',2,3,'2017-08-03 03:17:08','0','2017-08-29 16:00:00',NULL),(573,'1501730299','/data/IN_Photo/2/slr/1501730299.png',2,3,'2017-08-03 03:17:25','0','2017-08-29 16:00:00',NULL),(574,'1501730364','/data/IN_Photo/2/slr/1501730364.png',2,3,'2017-08-03 03:20:02','0','2017-08-29 16:00:00',NULL),(575,'1501730397','/data/IN_Photo/2/slr/1501730397.png',2,3,'2017-08-03 03:20:34','0','2017-08-29 16:00:00',NULL),(576,'1501730651','/data/IN_Photo/2/slr/1501730651.png',2,3,'2017-08-03 03:24:46','0','2017-08-29 16:00:00',NULL),(577,'1501730772','/data/IN_Photo/2/slr/1501730772.png',2,3,'2017-08-03 03:25:19','0','2017-08-29 16:00:00',NULL),(578,'1501730943','/data/IN_Photo/2/slr/1501730943.png',2,3,'2017-08-03 03:28:10','0','2017-08-29 16:00:00',NULL),(579,'1501730983','/data/IN_Photo/2/slr/1501730983.png',2,3,'2017-08-03 03:28:49','0','2017-08-29 16:00:00',NULL),(580,'1501731102','/data/IN_Photo/2/slr/1501731102.png',2,3,'2017-08-03 03:30:48','0','2017-08-29 16:00:00',NULL),(581,'1501731178','/data/IN_Photo/2/slr/1501731178.png',2,3,'2017-08-03 03:33:45','0','2017-08-29 16:00:00',NULL),(582,'1501731301','/data/IN_Photo/2/slr/1501731301.png',2,3,'2017-08-03 03:35:36','0','2017-08-29 16:00:00',NULL),(583,'1501731381','/data/IN_Photo/2/slr/1501731381.png',2,3,'2017-08-03 03:36:55','0','2017-08-29 16:00:00',NULL),(584,'1501731645','/data/IN_Photo/2/slr/1501731645.png',2,3,'2017-08-03 03:41:38','0','2017-08-29 16:00:00',NULL),(585,'1501731743','/data/IN_Photo/2/slr/1501731743.png',2,3,'2017-08-03 03:43:21','0','2017-08-29 16:00:00',NULL),(586,'1501742260','/data/IN_Photo/2/slr/1501742260.png',2,3,'2017-08-03 06:38:15','0','2017-08-29 16:00:00',NULL),(587,'1501808853','/data/IN_Photo/2/slr/1501808853.png',2,3,'2017-08-04 01:08:10','0','2017-08-29 16:00:00',NULL),(588,'1501813855','/data/IN_Photo/2/slr/1501813855.png',2,3,'2017-08-04 02:31:37','0','2017-08-29 16:00:00',NULL),(589,'1501829268','/data/IN_Photo/2/slr/1501829268.png',2,3,'2017-08-04 06:48:25','0','2017-08-29 16:00:00',NULL),(590,'1501829834','/data/IN_Photo/2/slr/1501829834.png',2,3,'2017-08-04 06:56:24','0','2017-08-29 16:00:00',NULL),(591,'1501830136','/data/IN_Photo/2/slr/1501830136.png',2,3,'2017-08-04 07:01:21','0','2017-08-29 16:00:00',NULL),(592,'1501830315','/data/IN_Photo/2/slr/1501830315.png',2,3,'2017-08-04 07:04:19','0','2017-08-29 16:00:00',NULL),(593,'1501830303','/data/IN_Photo/2/slr/1501830303.png',2,3,'2017-08-04 07:05:50','0','2017-08-29 16:00:00',NULL),(594,'1501830437','/data/IN_Photo/2/slr/1501830437.png',2,3,'2017-08-04 07:06:23','0','2017-08-29 16:00:00',NULL),(595,'1501830430','/data/IN_Photo/2/slr/1501830430.png',2,3,'2017-08-04 07:07:55','0','2017-08-29 16:00:00',NULL),(596,'1501830561','/data/IN_Photo/2/slr/1501830561.png',2,3,'2017-08-04 07:08:25','0','2017-08-29 16:00:00',NULL),(597,'1501831118','/data/IN_Photo/2/slr/1501831118.png',2,3,'2017-08-04 07:19:15','0','2017-08-29 16:00:00',NULL),(598,'1501831151','/data/IN_Photo/2/slr/1501831151.png',2,3,'2017-08-04 07:19:47','0','2017-08-29 16:00:00',NULL),(599,'1501831195','/data/IN_Photo/2/slr/1501831195.png',2,3,'2017-08-04 07:20:32','0','2017-08-29 16:00:00',NULL),(600,'1501831233','/data/IN_Photo/2/slr/1501831233.png',2,3,'2017-08-04 07:21:10','0','2017-08-29 16:00:00',NULL),(601,'1501831270','/data/IN_Photo/2/slr/1501831270.png',2,3,'2017-08-04 07:21:46','0','2017-08-29 16:00:00',NULL),(602,'1501831575','/data/IN_Photo/2/slr/1501831575.png',2,3,'2017-08-04 07:26:52','0','2017-08-29 16:00:00',NULL),(603,'1501831643','/data/IN_Photo/2/slr/1501831643.png',2,3,'2017-08-04 07:27:59','0','2017-08-29 16:00:00',NULL),(604,'1501831686','/data/IN_Photo/2/slr/1501831686.png',2,3,'2017-08-04 07:28:43','0','2017-08-29 16:00:00',NULL),(605,'1501831790','/data/IN_Photo/2/slr/1501831790.png',2,3,'2017-08-04 07:30:29','0','2017-08-29 16:00:00',NULL),(606,'1501832120','/data/IN_Photo/2/slr/1501832120.png',2,3,'2017-08-04 07:36:01','0','2017-08-29 16:00:00',NULL),(607,'1501833738','/data/IN_Photo/2/slr/1501833738.png',2,3,'2017-08-04 08:03:14','0','2017-08-29 16:00:00',NULL),(608,'1501834208','/data/IN_Photo/2/slr/1501834208.png',2,3,'2017-08-04 08:10:44','0','2017-08-29 16:00:00',NULL),(609,'1501835292','/data/IN_Photo/2/slr/1501835292.png',2,3,'2017-08-04 08:28:55','0','2017-08-29 16:00:00',NULL),(610,'1501835471','/data/IN_Photo/2/slr/1501835471.png',2,3,'2017-08-04 08:31:48','0','2017-08-29 16:00:00',NULL),(611,'1501835553','/data/IN_Photo/2/slr/1501835553.png',2,3,'2017-08-04 08:33:16','0','2017-08-29 16:00:00',NULL),(612,'1501836003','/data/IN_Photo/2/slr/1501836003.png',2,3,'2017-08-04 08:40:43','0','2017-08-29 16:00:00',NULL),(613,'1501836852','/data/IN_Photo/2/slr/1501836852.png',2,3,'2017-08-04 08:54:50','0','2017-08-29 16:00:00',NULL),(614,'1501837341','/data/IN_Photo/2/slr/1501837341.png',2,3,'2017-08-04 09:03:00','0','2017-08-29 16:00:00',NULL),(615,'1501898319','/data/IN_Photo/2/slr/1501898319.png',2,3,'2017-08-05 01:59:19','0','2017-08-29 16:00:00',NULL),(616,'1501899020','/data/IN_Photo/2/slr/1501899020.png',2,3,'2017-08-05 02:10:57','0','2017-08-29 16:00:00',NULL),(617,'1501899150','/data/IN_Photo/2/slr/1501899150.png',2,3,'2017-08-05 02:13:20','0','2017-08-29 16:00:00',NULL),(618,'1501899350','/data/IN_Photo/2/slr/1501899350.png',2,3,'2017-08-05 02:16:30','0','2017-08-29 16:00:00',NULL),(619,'1501899577','/data/IN_Photo/2/slr/1501899577.png',2,3,'2017-08-05 02:20:15','0','2017-08-29 16:00:00',NULL),(620,'1501899609','/data/IN_Photo/2/slr/1501899609.png',2,3,'2017-08-05 02:20:47','0','2017-08-29 16:00:00',NULL),(621,'1501899637','/data/IN_Photo/2/slr/1501899637.png',2,3,'2017-08-05 02:21:19','0','2017-08-29 16:00:00',NULL),(622,'1501899670','/data/IN_Photo/2/slr/1501899670.png',2,3,'2017-08-05 02:21:47','0','2017-08-29 16:00:00',NULL),(623,'1501900222','/data/IN_Photo/2/slr/1501900222.png',2,3,'2017-08-05 02:31:01','0','2017-08-29 16:00:00',NULL),(624,'1501900370','/data/IN_Photo/2/slr/1501900370.png',2,3,'2017-08-05 02:33:28','0','2017-08-29 16:00:00',NULL),(625,'1501900490','/data/IN_Photo/2/slr/1501900490.png',2,3,'2017-08-05 02:35:38','0','2017-08-29 16:00:00',NULL),(626,'1501900980','/data/IN_Photo/2/slr/1501900980.png',2,3,'2017-08-05 02:43:38','0','2017-08-29 16:00:00',NULL),(627,'1501901077','/data/IN_Photo/2/slr/1501901077.png',2,3,'2017-08-05 02:45:25','0','2017-08-29 16:00:00',NULL),(628,'1501901123','/data/IN_Photo/2/slr/1501901123.png',2,3,'2017-08-05 02:46:04','0','2017-08-29 16:00:00',NULL),(629,'1501901603','/data/IN_Photo/2/slr/1501901603.png',2,3,'2017-08-05 02:54:14','0','2017-08-29 16:00:00',NULL),(630,'1501901815','/data/IN_Photo/2/slr/1501901815.png',2,3,'2017-08-05 02:57:33','0','2017-08-29 16:00:00',NULL),(631,'1501901883','/data/IN_Photo/2/slr/1501901883.png',2,3,'2017-08-05 02:58:41','0','2017-08-29 16:00:00',NULL),(632,'1501901963','/data/IN_Photo/2/slr/1501901963.png',2,3,'2017-08-05 03:00:01','0','2017-08-29 16:00:00',NULL),(633,'1501902008','/data/IN_Photo/2/slr/1501902008.png',2,3,'2017-08-05 03:00:44','0','2017-08-29 16:00:00',NULL),(634,'1501902404','/data/IN_Photo/2/slr/1501902404.png',2,3,'2017-08-05 03:07:20','0','2017-08-29 16:00:00',NULL),(635,'1501905627','/data/IN_Photo/2/slr/1501905627.png',2,3,'2017-08-05 04:01:10','0','2017-08-29 16:00:00',NULL),(636,'1501906443','/data/IN_Photo/2/slr/1501906443.png',2,3,'2017-08-05 04:14:41','0','2017-08-29 16:00:00',NULL),(637,'1501906548','/data/IN_Photo/2/slr/1501906548.png',2,3,'2017-08-05 04:16:50','0','2017-08-29 16:00:00',NULL),(638,'1501906695','/data/IN_Photo/2/slr/1501906695.png',2,3,'2017-08-05 04:18:52','0','2017-08-29 16:00:00',NULL),(639,'1501906848','/data/IN_Photo/2/slr/1501906848.png',2,3,'2017-08-05 04:21:26','0','2017-08-29 16:00:00',NULL),(640,'1501909149','/data/IN_Photo/2/slr/1501909149.png',2,3,'2017-08-05 04:59:47','0','2017-08-29 16:00:00',NULL),(641,'1501909190','/data/IN_Photo/2/slr/1501909190.png',2,3,'2017-08-05 05:00:27','0','2017-08-29 16:00:00',NULL),(642,'1501909219','/data/IN_Photo/2/slr/1501909219.png',2,3,'2017-08-05 05:01:00','0','2017-08-29 16:00:00',NULL),(643,'1501909244','/data/IN_Photo/2/slr/1501909244.png',2,3,'2017-08-05 05:01:23','0','2017-08-29 16:00:00',NULL),(644,'1501909737','/data/IN_Photo/2/slr/1501909737.png',2,3,'2017-08-05 05:09:38','0','2017-08-29 16:00:00',NULL),(645,'1501909810','/data/IN_Photo/2/slr/1501909810.png',2,3,'2017-08-05 05:10:49','0','2017-08-29 16:00:00',NULL),(646,'1501909878','/data/IN_Photo/2/slr/1501909878.png',2,3,'2017-08-05 05:12:00','0','2017-08-29 16:00:00',NULL),(647,'1501909933','/data/IN_Photo/2/slr/1501909933.png',2,3,'2017-08-05 05:12:55','0','2017-08-29 16:00:00',NULL),(648,'1501910079','/data/IN_Photo/2/slr/1501910079.png',2,3,'2017-08-05 05:15:17','0','2017-08-29 16:00:00',NULL),(649,'1501910116','/data/IN_Photo/2/slr/1501910116.png',2,3,'2017-08-05 05:15:58','0','2017-08-29 16:00:00',NULL),(650,'1501910349','/data/IN_Photo/2/slr/1501910349.png',2,3,'2017-08-05 05:19:49','0','2017-08-29 16:00:00',NULL),(651,'1501910425','/data/IN_Photo/2/slr/1501910425.png',2,3,'2017-08-05 05:21:05','0','2017-08-29 16:00:00',NULL),(652,'1501910544','/data/IN_Photo/2/slr/1501910544.png',2,3,'2017-08-05 05:23:03','0','2017-08-29 16:00:00',NULL),(653,'1501910649','/data/IN_Photo/2/slr/1501910649.png',2,3,'2017-08-05 05:24:51','0','2017-08-29 16:00:00',NULL),(654,'1501910752','/data/IN_Photo/2/slr/1501910752.png',2,3,'2017-08-05 05:26:33','0','2017-08-29 16:00:00',NULL),(655,'1501910881','/data/IN_Photo/2/slr/1501910881.png',2,3,'2017-08-05 05:28:42','0','2017-08-29 16:00:00',NULL),(656,'1501911033','/data/IN_Photo/2/slr/1501911033.png',2,3,'2017-08-05 05:31:11','0','2017-08-29 16:00:00',NULL),(657,'1501911097','/data/IN_Photo/2/slr/1501911097.png',2,3,'2017-08-05 05:32:15','0','2017-08-29 16:00:00',NULL),(658,'1501911164','/data/IN_Photo/2/slr/1501911164.png',2,3,'2017-08-05 05:33:22','0','2017-08-29 16:00:00',NULL),(659,'1501911247','/data/IN_Photo/2/slr/1501911247.png',2,3,'2017-08-05 05:34:49','0','2017-08-29 16:00:00',NULL),(660,'1501911287','/data/IN_Photo/2/slr/1501911287.png',2,3,'2017-08-05 05:35:27','0','2017-08-29 16:00:00',NULL),(661,'1501911355','/data/IN_Photo/2/slr/1501911355.png',2,3,'2017-08-05 05:36:36','0','2017-08-29 16:00:00',NULL),(662,'1501911446','/data/IN_Photo/2/slr/1501911446.png',2,3,'2017-08-05 05:38:09','0','2017-08-29 16:00:00',NULL),(663,'1501911482','/data/IN_Photo/2/slr/1501911482.png',2,3,'2017-08-05 05:38:43','0','2017-08-29 16:00:00',NULL),(664,'1501911520','/data/IN_Photo/2/slr/1501911520.png',2,3,'2017-08-05 05:39:24','0','2017-08-29 16:00:00',NULL),(665,'1501911560','/data/IN_Photo/2/slr/1501911560.png',2,3,'2017-08-05 05:39:59','0','2017-08-29 16:00:00',NULL),(666,'1501911683','/data/IN_Photo/2/slr/1501911683.png',2,3,'2017-08-05 05:42:24','0','2017-08-29 16:00:00',NULL),(667,'1501911754','/data/IN_Photo/2/slr/1501911754.png',2,3,'2017-08-05 05:43:15','0','2017-08-29 16:00:00',NULL),(668,'1501911840','/data/IN_Photo/2/slr/1501911840.png',2,3,'2017-08-05 05:44:41','0','2017-08-29 16:00:00',NULL),(669,'1501911929','/data/IN_Photo/2/slr/1501911929.png',2,3,'2017-08-05 05:46:08','0','2017-08-29 16:00:00',NULL),(670,'1501911976','/data/IN_Photo/2/slr/1501911976.png',2,3,'2017-08-05 05:46:54','0','2017-08-29 16:00:00',NULL),(671,'1501912054','/data/IN_Photo/2/slr/1501912054.png',2,3,'2017-08-05 05:48:16','0','2017-08-29 16:00:00',NULL),(672,'1501912094','/data/IN_Photo/2/slr/1501912094.png',2,3,'2017-08-05 05:48:52','0','2017-08-29 16:00:00',NULL),(673,'1501912236','/data/IN_Photo/2/slr/1501912236.png',2,3,'2017-08-05 05:51:16','0','2017-08-29 16:00:00',NULL),(674,'1501912337','/data/IN_Photo/2/slr/1501912337.png',2,3,'2017-08-05 05:53:14','0','2017-08-29 16:00:00',NULL),(675,'1501912408','/data/IN_Photo/2/slr/1501912408.png',2,3,'2017-08-05 05:54:08','0','2017-08-29 16:00:00',NULL),(676,'1501913429','/data/IN_Photo/2/slr/1501913429.png',2,3,'2017-08-05 06:11:08','0','2017-08-29 16:00:00',NULL),(677,'1501913531','/data/IN_Photo/2/slr/1501913531.png',2,3,'2017-08-05 06:12:48','0','2017-08-29 16:00:00',NULL),(678,'1501913607','/data/IN_Photo/2/slr/1501913607.png',2,3,'2017-08-05 06:14:06','0','2017-08-29 16:00:00',NULL),(679,'1501913660','/data/IN_Photo/2/slr/1501913660.png',2,3,'2017-08-05 06:14:58','0','2017-08-29 16:00:00',NULL),(680,'1501913713','/data/IN_Photo/2/slr/1501913713.png',2,3,'2017-08-05 06:15:52','0','2017-08-29 16:00:00',NULL),(681,'1501913771','/data/IN_Photo/2/slr/1501913771.png',2,3,'2017-08-05 06:16:49','0','2017-08-29 16:00:00',NULL),(682,'1501913818','/data/IN_Photo/2/slr/1501913818.png',2,3,'2017-08-05 06:17:36','0','2017-08-29 16:00:00',NULL),(683,'1501914038','/data/IN_Photo/2/slr/1501914038.png',2,3,'2017-08-05 06:21:20','0','2017-08-29 16:00:00',NULL),(684,'1501914159','/data/IN_Photo/2/slr/1501914159.png',2,3,'2017-08-05 06:23:17','0','2017-08-29 16:00:00',NULL),(685,'1501914254','/data/IN_Photo/2/slr/1501914254.png',2,3,'2017-08-05 06:24:52','0','2017-08-29 16:00:00',NULL),(686,'1501914311','/data/IN_Photo/2/slr/1501914311.png',2,3,'2017-08-05 06:25:50','0','2017-08-29 16:00:00',NULL),(687,'1501914359','/data/IN_Photo/2/slr/1501914359.png',2,3,'2017-08-05 06:26:36','0','2017-08-29 16:00:00',NULL),(688,'1501914433','/data/IN_Photo/2/slr/1501914433.png',2,3,'2017-08-05 06:27:48','0','2017-08-29 16:00:00',NULL),(689,'1501914465','/data/IN_Photo/2/slr/1501914465.png',2,3,'2017-08-05 06:28:26','0','2017-08-29 16:00:00',NULL),(690,'1501914521','/data/IN_Photo/2/slr/1501914521.png',2,3,'2017-08-05 06:29:22','0','2017-08-29 16:00:00',NULL),(691,'1501914581','/data/IN_Photo/2/slr/1501914581.png',2,3,'2017-08-05 06:30:17','0','2017-08-29 16:00:00',NULL),(692,'1501914623','/data/IN_Photo/2/slr/1501914623.png',2,3,'2017-08-05 06:31:00','0','2017-08-29 16:00:00',NULL),(693,'1501914662','/data/IN_Photo/2/slr/1501914662.png',2,3,'2017-08-05 06:31:40','0','2017-08-29 16:00:00',NULL),(694,'1501914736','/data/IN_Photo/2/slr/1501914736.png',2,3,'2017-08-05 06:32:55','0','2017-08-29 16:00:00',NULL),(695,'1501914769','/data/IN_Photo/2/slr/1501914769.png',2,3,'2017-08-05 06:33:26','0','2017-08-29 16:00:00',NULL),(696,'1502416140','/data/IN_Photo/2/slr/1502416140.png',2,3,'2017-08-11 01:49:47','0','2017-08-29 16:00:00',NULL),(697,'1502416242','/data/IN_Photo/2/slr/1502416242.png',2,3,'2017-08-11 01:51:27','0','2017-08-29 16:00:00',NULL),(698,'1502421518','/data/IN_Photo/2/slr/1502421518.png',2,3,'2017-08-11 03:19:29','0','2017-08-29 16:00:00',NULL),(699,'1502421863','/data/IN_Photo/2/slr/1502421863.png',2,3,'2017-08-11 03:25:25','0','2017-08-29 16:00:00',NULL),(700,'1502422882','/data/IN_Photo/2/slr/1502422882.png',2,3,'2017-08-11 03:40:22','0','2017-08-29 16:00:00',NULL),(701,'1502422954','/data/IN_Photo/2/slr/1502422954.png',2,3,'2017-08-11 03:41:33','0','2017-08-29 16:00:00',NULL),(702,'1502423008','/data/IN_Photo/2/slr/1502423008.png',2,3,'2017-08-11 03:42:28','0','2017-08-29 16:00:00',NULL),(703,'1502423073','/data/IN_Photo/2/slr/1502423073.png',2,3,'2017-08-11 03:43:35','0','2017-08-29 16:00:00',NULL),(704,'1502428770','/data/IN_Photo/2/slr/1502428770.png',2,3,'2017-08-11 05:20:26','0','2017-08-29 16:00:00',NULL),(705,'1502428970','/data/IN_Photo/2/slr/1502428970.png',2,3,'2017-08-11 05:23:40','0','2017-08-29 16:00:00',NULL),(706,'1502428993','/data/IN_Photo/2/slr/1502428993.png',2,3,'2017-08-11 05:24:14','0','2017-08-29 16:00:00',NULL),(707,'1502434843','/data/IN_Photo/2/gif2/1502434843.gif',2,1,'2017-08-11 06:59:47','3','2017-08-29 16:00:00',NULL),(708,'1502436706','/data/IN_Photo/2/gif2/1502436706.gif',2,1,'2017-08-11 07:30:53','3','2017-08-29 16:00:00',NULL),(709,'1502437415','/data/IN_Photo/2/gif2/1502437415.gif',2,1,'2017-08-11 07:42:44','3','2017-08-29 16:00:00',NULL),(710,'1502437641','/data/IN_Photo/2/gif2/1502437641.gif',2,1,'2017-08-11 07:46:24','3','2017-08-29 16:00:00',NULL),(711,'1502438409','/data/IN_Photo/2/gif2/1502438409.gif',2,1,'2017-08-11 07:59:16','3','2017-08-29 16:00:00',NULL),(712,'1502439614','/data/IN_Photo/2/gif2/1502439614.gif',2,1,'2017-08-11 08:19:15','3','2017-08-29 16:00:00',NULL),(713,'1502439645','/data/IN_Photo/2/slr/1502439645.png',2,3,'2017-08-11 08:22:16','0','2017-08-29 16:00:00',NULL),(714,'1502440519','/data/IN_Photo/2/gif2/1502440519.gif',2,1,'2017-08-11 08:34:25','3','2017-08-29 16:00:00',NULL),(715,'1502440703','/data/IN_Photo/2/gif2/1502440703.gif',2,1,'2017-08-11 08:37:27','3','2017-08-29 16:00:00',NULL),(716,'1502441137','/data/IN_Photo/2/gif2/1502441137.gif',2,1,'2017-08-11 08:44:38','3','2017-08-29 16:00:00',NULL),(717,'1502441641','/data/IN_Photo/2/gif2/1502441641.gif',2,1,'2017-08-11 08:53:03','3','2017-08-29 16:00:00',NULL),(718,'1502442300','/data/IN_Photo/2/gif2/1502442300.gif',2,1,'2017-08-11 09:04:04','3','2017-08-29 16:00:00',NULL),(719,'1502532162','/data/IN_Photo/2/slr/1502532162.png',2,3,'2017-08-12 10:03:32','0','2017-08-29 16:00:00',NULL),(720,'1502532279','/data/IN_Photo/2/slr/1502532279.png',2,3,'2017-08-12 10:05:29','0','2017-08-29 16:00:00',NULL),(721,'1502532385','/data/IN_Photo/2/slr/1502532385.png',2,3,'2017-08-12 10:07:19','0','2017-08-29 16:00:00',NULL),(722,'1502533151','/data/IN_Photo/2/slr/1502533151.png',2,3,'2017-08-12 10:20:01','0','2017-08-29 16:00:00',NULL),(723,'1502533608','/data/IN_Photo/2/slr/1502533608.png',2,3,'2017-08-12 10:27:38','0','2017-08-29 16:00:00',NULL),(724,'1502533628','/data/IN_Photo/2/slr/1502533628.png',2,3,'2017-08-12 10:27:58','0','2017-08-29 16:00:00',NULL),(725,'1502533789','/data/IN_Photo/2/slr/1502533789.png',2,3,'2017-08-12 10:30:40','0','2017-08-29 16:00:00',NULL),(726,'1502533875','/data/IN_Photo/2/slr/1502533875.png',2,3,'2017-08-12 10:32:08','0','2017-08-29 16:00:00',NULL),(727,'1502534152','/data/IN_Photo/2/slr/1502534152.png',2,3,'2017-08-12 10:37:00','0','2017-08-29 16:00:00',NULL),(728,'1502534422','/data/IN_Photo/2/slr/1502534422.png',2,3,'2017-08-12 10:41:11','0','2017-08-29 16:00:00',NULL),(729,'1502534958','/data/IN_Photo/2/slr/1502534958.png',2,3,'2017-08-12 10:50:08','0','2017-08-29 16:00:00',NULL),(730,'1502535191','/data/IN_Photo/2/slr/1502535191.png',2,3,'2017-08-12 10:54:03','0','2017-08-29 16:00:00',NULL),(731,'1502535252','/data/IN_Photo/2/slr/1502535252.png',2,3,'2017-08-12 10:55:01','0','2017-08-29 16:00:00',NULL),(732,'1502589338','/data/IN_Photo/2/slr/1502589338.png',2,3,'2017-08-13 01:56:28','0','2017-08-29 16:00:00',NULL),(733,'1502589895','/data/IN_Photo/2/slr/1502589895.png',2,3,'2017-08-13 02:05:45','0','2017-08-29 16:00:00',NULL),(734,'1502590061','/data/IN_Photo/2/slr/1502590061.png',2,3,'2017-08-13 02:08:52','0','2017-08-29 16:00:00',NULL),(735,'1502591300','/data/IN_Photo/2/slr/1502591300.png',2,3,'2017-08-13 02:29:26','0','2017-08-29 16:00:00',NULL),(736,'1502592712','/data/IN_Photo/2/slr/1502592712.png',2,3,'2017-08-13 02:52:52','0','2017-08-29 16:00:00',NULL),(737,'1502593143','/data/IN_Photo/2/slr/1502593143.png',2,3,'2017-08-13 03:00:13','0','2017-08-29 16:00:00',NULL),(738,'1502593311','/data/IN_Photo/2/slr/1502593311.png',2,3,'2017-08-13 03:02:49','0','2017-08-29 16:00:00',NULL),(739,'1502596034','/data/IN_Photo/2/slr/1502596034.png',2,3,'2017-08-13 03:48:09','0','2017-08-29 16:00:00',NULL),(740,'1502597198','/data/IN_Photo/2/slr/1502597198.png',2,3,'2017-08-13 04:07:27','0','2017-08-29 16:00:00',NULL),(741,'1502599447','/data/IN_Photo/2/slr/1502599447.png',2,3,'2017-08-13 04:44:59','0','2017-08-29 16:00:00',NULL),(742,'1502599485','/data/IN_Photo/2/slr/1502599485.png',2,3,'2017-08-13 04:46:01','0','2017-08-29 16:00:00',NULL),(743,'1502599620','/data/IN_Photo/2/slr/1502599620.png',2,3,'2017-08-13 04:47:51','0','2017-08-29 16:00:00',NULL),(744,'1502599713','/data/IN_Photo/2/slr/1502599713.png',2,3,'2017-08-13 04:49:25','0','2017-08-29 16:00:00',NULL),(745,'1502600525','/data/IN_Photo/2/slr/1502600525.png',2,3,'2017-08-13 05:02:59','0','2017-08-29 16:00:00',NULL),(746,'1502600650','/data/IN_Photo/2/slr/1502600650.png',2,3,'2017-08-13 05:05:00','0','2017-08-29 16:00:00',NULL),(747,'1502600749','/data/IN_Photo/2/slr/1502600749.png',2,3,'2017-08-13 05:06:42','0','2017-08-29 16:00:00',NULL),(748,'1502600863','/data/IN_Photo/2/slr/1502600863.png',2,3,'2017-08-13 05:08:40','0','2017-08-29 16:00:00',NULL),(749,'1502601007','/data/IN_Photo/2/slr/1502601007.png',2,3,'2017-08-13 05:10:58','0','2017-08-29 16:00:00',NULL),(750,'1502601239','/data/IN_Photo/2/slr/1502601239.png',2,3,'2017-08-13 05:14:55','0','2017-08-29 16:00:00',NULL),(751,'1502601499','/data/IN_Photo/2/slr/1502601499.png',2,3,'2017-08-13 05:19:10','0','2017-08-29 16:00:00',NULL),(752,'1502601610','/data/IN_Photo/2/slr/1502601610.png',2,3,'2017-08-13 05:21:04','0','2017-08-29 16:00:00',NULL),(753,'1502601690','/data/IN_Photo/2/slr/1502601690.png',2,3,'2017-08-13 05:22:22','0','2017-08-29 16:00:00',NULL),(754,'1502601760','/data/IN_Photo/2/slr/1502601760.png',2,3,'2017-08-13 05:23:33','0','2017-08-29 16:00:00',NULL),(755,'1502601840','/data/IN_Photo/2/slr/1502601840.png',2,3,'2017-08-13 05:24:54','0','2017-08-29 16:00:00',NULL),(756,'1502601973','/data/IN_Photo/2/slr/1502601973.png',2,3,'2017-08-13 05:27:04','0','2017-08-29 16:00:00',NULL),(757,'1502602078','/data/IN_Photo/2/slr/1502602078.png',2,3,'2017-08-13 05:28:55','0','2017-08-29 16:00:00',NULL),(758,'1502602261','/data/IN_Photo/2/slr/1502602261.png',2,3,'2017-08-13 05:31:58','0','2017-08-29 16:00:00',NULL),(759,'1502602415','/data/IN_Photo/2/slr/1502602415.png',2,3,'2017-08-13 05:34:27','0','2017-08-29 16:00:00',NULL),(760,'1502602490','/data/IN_Photo/2/slr/1502602490.png',2,3,'2017-08-13 05:35:42','0','2017-08-29 16:00:00',NULL),(761,'1502602614','/data/IN_Photo/2/slr/1502602614.png',2,3,'2017-08-13 05:37:48','0','2017-08-29 16:00:00',NULL),(762,'1502602841','/data/IN_Photo/2/slr/1502602841.png',2,3,'2017-08-13 05:41:36','0','2017-08-29 16:00:00',NULL),(763,'1502602904','/data/IN_Photo/2/slr/1502602904.png',2,3,'2017-08-13 05:42:38','0','2017-08-29 16:00:00',NULL),(764,'1502602970','/data/IN_Photo/2/slr/1502602970.png',2,3,'2017-08-13 05:43:42','0','2017-08-29 16:00:00',NULL),(765,'1502603354','/data/IN_Photo/2/slr/1502603354.png',2,3,'2017-08-13 05:50:06','0','2017-08-29 16:00:00',NULL),(766,'1502603420','/data/IN_Photo/2/slr/1502603420.png',2,3,'2017-08-13 05:51:14','0','2017-08-29 16:00:00',NULL),(767,'1502603464','/data/IN_Photo/2/slr/1502603464.png',2,3,'2017-08-13 05:51:59','0','2017-08-29 16:00:00',NULL),(768,'1502603556','/data/IN_Photo/2/slr/1502603556.png',2,3,'2017-08-13 05:53:33','0','2017-08-29 16:00:00',NULL),(769,'1502603667','/data/IN_Photo/2/slr/1502603667.png',2,3,'2017-08-13 05:55:24','0','2017-08-29 16:00:00',NULL),(770,'1502603763','/data/IN_Photo/2/slr/1502603763.png',2,3,'2017-08-13 05:57:06','0','2017-08-29 16:00:00',NULL),(771,'1502603857','/data/IN_Photo/2/slr/1502603857.png',2,3,'2017-08-13 05:58:31','0','2017-08-29 16:00:00',NULL),(772,'1502604069','/data/IN_Photo/2/slr/1502604069.png',2,3,'2017-08-13 06:02:01','0','2017-08-29 16:00:00',NULL),(773,'1502604429','/data/IN_Photo/2/slr/1502604429.png',2,3,'2017-08-13 06:08:04','0','2017-08-29 16:00:00',NULL),(774,'1502604492','/data/IN_Photo/2/slr/1502604492.png',2,3,'2017-08-13 06:09:06','0','2017-08-29 16:00:00',NULL),(775,'1502609597','/data/IN_Photo/2/slr/1502609597.png',2,3,'2017-08-13 07:34:07','0','2017-08-29 16:00:00',NULL),(776,'1502609695','/data/IN_Photo/2/slr/1502609695.png',2,3,'2017-08-13 07:36:06','0','2017-08-29 16:00:00',NULL),(777,'1502687982','/data/IN_Photo/2/slr/1502687982.png',2,3,'2017-08-14 05:20:38','0','2017-08-29 16:00:00',NULL),(778,'1502688061','/data/IN_Photo/2/gif2/1502688061.gif',2,1,'2017-08-14 05:21:58','3','2017-08-29 16:00:00',NULL),(779,'1502688134','/data/IN_Photo/2/gif2/1502688134.gif',2,1,'2017-08-14 06:42:00','3','2017-08-29 16:00:00',NULL),(780,'1502702079','/data/IN_Photo/2/gif1/1502702079.gif',2,2,'2017-08-14 09:15:52','0','2017-08-29 16:00:00',NULL),(781,'1502759420','/data/IN_Photo/2/gif2/1502759420.gif',2,1,'2017-08-15 01:09:39','3','2017-08-29 16:00:00',NULL),(782,'1502759592','/data/IN_Photo/2/gif2/1502759592.gif',2,1,'2017-08-15 01:12:14','3','2017-08-29 16:00:00',NULL),(783,'1502759767','/data/IN_Photo/2/gif2/1502759767.gif',2,1,'2017-08-15 01:15:16','3','2017-08-29 16:00:00',NULL),(784,'1502760150','/data/IN_Photo/2/gif2/1502760150.gif',2,1,'2017-08-15 01:21:30','3','2017-08-29 16:00:00',NULL),(785,'1502760242','/data/IN_Photo/2/gif2/1502760242.gif',2,1,'2017-08-15 01:23:07','3','2017-08-29 16:00:00',NULL),(786,'1502760343','/data/IN_Photo/2/gif2/1502760343.gif',2,1,'2017-08-15 01:24:44','3','2017-08-29 16:00:00',NULL),(787,'1502760442','/data/IN_Photo/2/gif2/1502760442.gif',2,1,'2017-08-15 01:26:23','3','2017-08-29 16:00:00',NULL),(788,'1502760634','/data/IN_Photo/2/gif2/1502760634.gif',2,1,'2017-08-15 01:29:37','3','2017-08-29 16:00:00',NULL),(789,'1502760764','/data/IN_Photo/2/gif2/1502760764.gif',2,1,'2017-08-15 01:32:09','3','2017-08-29 16:00:00',NULL),(790,'1502761382','/data/IN_Photo/2/gif2/1502761382.gif',2,1,'2017-08-15 01:42:09','3','2017-08-29 16:00:00',NULL),(791,'1502762638','/data/IN_Photo/2/gif1/1502762638.gif',2,2,'2017-08-15 02:02:58','0','2017-08-29 16:00:00',NULL),(792,'1502762803','/data/IN_Photo/2/gif1/1502762803.gif',2,2,'2017-08-15 02:05:43','0','2017-08-29 16:00:00',NULL),(793,'1502763094','/data/IN_Photo/2/gif1/1502763094.gif',2,2,'2017-08-15 02:11:15','0','2017-08-29 16:00:00',NULL),(794,'1502764003','/data/IN_Photo/2/gif1/1502764003.gif',2,2,'2017-08-15 02:25:43','0','2017-08-29 16:00:00',NULL),(795,'1502764116','/data/IN_Photo/2/gif1/1502764116.gif',2,2,'2017-08-15 02:29:32','0','2017-08-29 16:00:00',NULL),(796,'1502764223','/data/IN_Photo/2/gif1/1502764223.gif',2,2,'2017-08-15 02:31:25','0','2017-08-29 16:00:00',NULL),(797,'1502764329','/data/IN_Photo/2/gif1/1502764329.gif',2,2,'2017-08-15 02:33:04','0','2017-08-29 16:00:00',NULL),(798,'1502764411','/data/IN_Photo/2/gif1/1502764411.gif',2,2,'2017-08-15 02:34:26','0','2017-08-29 16:00:00',NULL),(799,'1502764514','/data/IN_Photo/2/gif1/1502764514.gif',2,2,'2017-08-15 02:36:18','0','2017-08-29 16:00:00',NULL),(800,'1502764710','/data/IN_Photo/2/gif1/1502764710.gif',2,2,'2017-08-15 02:39:25','0','2017-08-29 16:00:00',NULL),(801,'1502764857','/data/IN_Photo/2/gif1/1502764857.gif',2,2,'2017-08-15 02:41:56','0','2017-08-29 16:00:00',NULL),(802,'1502764946','/data/IN_Photo/2/gif1/1502764946.gif',2,2,'2017-08-15 02:43:41','0','2017-08-29 16:00:00',NULL),(803,'1502765049','/data/IN_Photo/2/gif1/1502765049.gif',2,2,'2017-08-15 02:45:20','0','2017-08-29 16:00:00',NULL),(804,'1502765245','/data/IN_Photo/2/gif1/1502765245.gif',2,2,'2017-08-15 02:48:23','0','2017-08-29 16:00:00',NULL),(805,'1502765336','/data/IN_Photo/2/gif1/1502765336.gif',2,2,'2017-08-15 02:49:53','0','2017-08-29 16:00:00',NULL),(806,'1502765461','/data/IN_Photo/2/gif1/1502765461.gif',2,2,'2017-08-15 02:52:24','0','2017-08-29 16:00:00',NULL),(807,'1502765588','/data/IN_Photo/2/gif1/1502765588.gif',2,2,'2017-08-15 02:54:17','0','2017-08-29 16:00:00',NULL),(808,'1502765687','/data/IN_Photo/2/gif1/1502765687.gif',2,2,'2017-08-15 02:55:58','0','2017-08-29 16:00:00',NULL),(809,'1502765791','/data/IN_Photo/2/gif1/1502765791.gif',2,2,'2017-08-15 02:57:26','0','2017-08-29 16:00:00',NULL),(810,'1502765885','/data/IN_Photo/2/gif1/1502765885.gif',2,2,'2017-08-15 02:59:07','0','2017-08-29 16:00:00',NULL),(811,'1502766003','/data/IN_Photo/2/gif1/1502766003.gif',2,2,'2017-08-15 03:01:12','0','2017-08-29 16:00:00',NULL),(812,'1502766830','/data/IN_Photo/2/gif1/1502766830.gif',2,2,'2017-08-15 03:13:04','0','2017-08-29 16:00:00',NULL),(813,'1502766954','/data/IN_Photo/2/gif1/1502766954.gif',2,2,'2017-08-15 03:14:55','0','2017-08-29 16:00:00',NULL),(814,'1502767399','/data/IN_Photo/2/gif1/1502767399.gif',2,2,'2017-08-15 03:24:23','0','2017-08-29 16:00:00',NULL),(815,'1502767949','/data/IN_Photo/2/gif1/1502767949.gif',2,2,'2017-08-15 03:34:34','0','2017-08-29 16:00:00',NULL),(816,'1502768383','/data/IN_Photo/2/slr/1502768383.png',2,3,'2017-08-15 03:38:47','0','2017-08-29 16:00:00',NULL),(817,'1502768824','/data/IN_Photo/2/slr/1502768824.png',2,3,'2017-08-15 03:46:04','0','2017-08-29 16:00:00',NULL),(818,'1502768608','/data/IN_Photo/2/gif1/1502768608.gif',2,2,'2017-08-15 04:17:18','0','2017-08-29 16:00:00',NULL),(819,'1502772079','/data/IN_Photo/2/gif1/1502772079.gif',2,2,'2017-08-15 04:41:29','0','2017-08-29 16:00:00',NULL),(820,'1502772169','/data/IN_Photo/2/gif1/1502772169.gif',2,2,'2017-08-15 04:42:59','0','2017-08-29 16:00:00',NULL),(821,'1502775579','/data/IN_Photo/2/slr/1502775579.png',2,3,'2017-08-15 05:41:23','0','2017-08-29 16:00:00',NULL),(822,'1502776861','/data/IN_Photo/2/slr/1502776861.png',2,3,'2017-08-15 06:01:12','0','2017-08-29 16:00:00',NULL),(823,'1502777123','/data/IN_Photo/2/slr/1502777123.png',2,3,'2017-08-15 06:28:29','0','2017-08-29 16:00:00',NULL),(824,'1502781890','/data/IN_Photo/2/gif1/1502781890.gif',2,2,'2017-08-15 07:26:17','0','2017-08-29 16:00:00',NULL),(825,'1502782024','/data/IN_Photo/2/gif1/1502782024.gif',2,2,'2017-08-15 07:28:02','0','2017-08-29 16:00:00',NULL),(826,'1502782430','/data/IN_Photo/2/gif1/1502782430.gif',2,2,'2017-08-15 07:35:57','0','2017-08-29 16:00:00',NULL),(827,'1502782759','/data/IN_Photo/2/gif1/1502782759.gif',2,2,'2017-08-15 07:40:42','0','2017-08-29 16:00:00',NULL),(828,'1502783201','/data/IN_Photo/2/gif1/1502783201.gif',2,2,'2017-08-15 07:47:42','0','2017-08-29 16:00:00',NULL),(829,'1502783655','/data/IN_Photo/2/gif1/1502783655.gif',2,2,'2017-08-15 07:55:16','0','2017-08-29 16:00:00',NULL),(830,'1502783819','/data/IN_Photo/2/gif1/1502783819.gif',2,2,'2017-08-15 07:58:04','0','2017-08-29 16:00:00',NULL),(831,'1502784255','/data/IN_Photo/2/gif1/1502784255.gif',2,2,'2017-08-15 08:04:24','0','2017-08-29 16:00:00',NULL),(832,'1502787456','/data/IN_Photo/2/gif1/1502787456.gif',2,2,'2017-08-15 08:58:36','0','2017-08-29 16:00:00',NULL),(833,'1502787568','/data/IN_Photo/2/gif1/1502787568.gif',2,2,'2017-08-15 09:02:12','0','2017-08-29 16:00:00',NULL),(834,'1502787746','/data/IN_Photo/2/gif1/1502787746.gif',2,2,'2017-08-15 09:03:27','0','2017-08-29 16:00:00',NULL),(835,'1502787887','/data/IN_Photo/2/gif1/1502787887.gif',2,2,'2017-08-15 09:05:47','0','2017-08-29 16:00:00',NULL),(836,'1502842549','/data/IN_Photo/2/gif1/1502842549.gif',2,2,'2017-08-16 00:16:52','0','2017-08-29 16:00:00',NULL),(837,'1502843806','/data/IN_Photo/2/gif1/1502843806.gif',2,2,'2017-08-16 00:37:47','0','2017-08-29 16:00:00',NULL),(838,'1502843969','/data/IN_Photo/2/gif1/1502843969.gif',2,2,'2017-08-16 00:40:29','0','2017-08-29 16:00:00',NULL),(839,'1502844939','/data/IN_Photo/2/gif1/1502844939.gif',2,2,'2017-08-16 00:56:40','0','2017-08-29 16:00:00',NULL),(840,'1502845158','/data/IN_Photo/2/gif1/1502845158.gif',2,2,'2017-08-16 01:00:23','0','2017-08-29 16:00:00',NULL),(841,'1502845279','/data/IN_Photo/2/gif1/1502845279.gif',2,2,'2017-08-16 01:02:22','0','2017-08-29 16:00:00',NULL),(842,'1502845490','/data/IN_Photo/2/gif1/1502845490.gif',2,2,'2017-08-16 01:05:54','0','2017-08-29 16:00:00',NULL),(843,'1502845698','/data/IN_Photo/2/gif1/1502845698.gif',2,2,'2017-08-16 01:09:18','0','2017-08-29 16:00:00',NULL),(844,'1502845942','/data/IN_Photo/2/gif1/1502845942.gif',2,2,'2017-08-16 01:13:26','0','2017-08-29 16:00:00',NULL),(845,'1502846111','/data/IN_Photo/2/gif1/1502846111.gif',2,2,'2017-08-16 01:16:19','0','2017-08-29 16:00:00',NULL),(846,'1502846692','/data/IN_Photo/2/gif1/1502846692.gif',2,2,'2017-08-16 01:25:52','0','2017-08-29 16:00:00',NULL),(847,'1502847622','/data/IN_Photo/2/gif1/1502847622.gif',2,2,'2017-08-16 01:44:24','0','2017-08-29 16:00:00',NULL),(848,'1502848015','/data/IN_Photo/2/gif1/1502848015.gif',2,2,'2017-08-16 01:51:09','0','2017-08-29 16:00:00',NULL),(849,'1502848546','/data/IN_Photo/2/gif1/1502848546.gif',2,2,'2017-08-16 01:56:49','0','2017-08-29 16:00:00',NULL),(850,'1502848822','/data/IN_Photo/2/gif1/1502848822.gif',2,2,'2017-08-16 02:01:19','0','2017-08-29 16:00:00',NULL),(851,'1502848946','/data/IN_Photo/2/gif1/1502848946.gif',2,2,'2017-08-16 02:03:23','0','2017-08-29 16:00:00',NULL),(852,'1502849203','/data/IN_Photo/2/gif1/1502849203.gif',2,2,'2017-08-16 02:07:45','0','2017-08-29 16:00:00',NULL),(853,'1502849259','/data/IN_Photo/2/gif1/1502849259.gif',2,2,'2017-08-16 02:07:52','0','2017-08-29 16:00:00',NULL),(854,'1502849373','/data/IN_Photo/2/gif1/1502849373.gif',2,2,'2017-08-16 02:10:36','0','2017-08-29 16:00:00',NULL),(855,'1502849564','/data/IN_Photo/2/gif1/1502849564.gif',2,2,'2017-08-16 02:13:46','0','2017-08-29 16:00:00',NULL),(856,'1502850272','/data/IN_Photo/2/gif1/1502850272.gif',2,2,'2017-08-16 02:25:54','0','2017-08-29 16:00:00',NULL),(857,'1502851017','/data/IN_Photo/2/gif1/1502851017.gif',2,2,'2017-08-16 02:37:55','0','2017-08-29 16:00:00',NULL),(858,'1502851609','/data/IN_Photo/2/gif1/1502851609.gif',2,2,'2017-08-16 02:47:48','0','2017-08-29 16:00:00',NULL),(859,'1502852219','/data/IN_Photo/2/gif1/1502852219.gif',2,2,'2017-08-16 02:57:56','0','2017-08-29 16:00:00',NULL),(860,'1502852583','/data/IN_Photo/2/gif1/1502852583.gif',2,2,'2017-08-16 03:04:16','0','2017-08-29 16:00:00',NULL),(861,'1502852955','/data/IN_Photo/2/gif1/1502852955.gif',2,2,'2017-08-16 03:10:14','0','2017-08-29 16:00:00',NULL),(862,'1502853052','/data/IN_Photo/2/gif1/1502853052.gif',2,2,'2017-08-16 03:11:52','0','2017-08-29 16:00:00',NULL),(863,'1502853128','/data/IN_Photo/2/gif1/1502853128.gif',2,2,'2017-08-16 03:13:08','0','2017-08-29 16:00:00',NULL),(864,'1502853290','/data/IN_Photo/2/gif1/1502853290.gif',2,2,'2017-08-16 03:15:47','0','2017-08-29 16:00:00',NULL),(865,'1502854145','/data/IN_Photo/2/gif1/1502854145.gif',2,2,'2017-08-16 03:30:08','0','2017-08-29 16:00:00',NULL),(866,'1502854420','/data/IN_Photo/2/gif1/1502854420.gif',2,2,'2017-08-16 03:34:39','0','2017-08-29 16:00:00',NULL),(867,'1502854567','/data/IN_Photo/2/gif1/1502854567.gif',2,2,'2017-08-16 03:37:07','0','2017-08-29 16:00:00',NULL),(868,'1502854828','/data/IN_Photo/2/gif1/1502854828.gif',2,2,'2017-08-16 03:41:30','0','2017-08-29 16:00:00',NULL),(869,'1502855037','/data/IN_Photo/2/gif1/1502855037.gif',2,2,'2017-08-16 03:45:05','0','2017-08-29 16:00:00',NULL),(870,'1502855164','/data/IN_Photo/2/gif1/1502855164.gif',2,2,'2017-08-16 03:47:07','0','2017-08-29 16:00:00',NULL),(871,'1502855695','/data/IN_Photo/2/gif1/1502855695.gif',2,2,'2017-08-16 03:56:00','0','2017-08-29 16:00:00',NULL),(872,'1502855893','/data/IN_Photo/2/gif1/1502855893.gif',2,2,'2017-08-16 03:59:10','0','2017-08-29 16:00:00',NULL),(873,'1502857035','/data/IN_Photo/2/gif1/1502857035.gif',2,2,'2017-08-16 04:18:32','0','2017-08-29 16:00:00',NULL),(874,'1502857621','/data/IN_Photo/2/gif1/1502857621.gif',2,2,'2017-08-16 04:28:02','0','2017-08-29 16:00:00',NULL),(875,'1502858184','/data/IN_Photo/2/gif1/1502858184.gif',2,2,'2017-08-16 04:37:35','0','2017-08-29 16:00:00',NULL),(876,'1502858796','/data/IN_Photo/2/gif1/1502858796.gif',2,2,'2017-08-16 04:47:37','0','2017-08-29 16:00:00',NULL),(877,'1502858985','/data/IN_Photo/2/gif1/1502858985.gif',2,2,'2017-08-16 04:54:06','0','2017-08-29 16:00:00',NULL),(878,'1502859842','/data/IN_Photo/2/gif1/1502859842.gif',2,2,'2017-08-16 05:05:08','0','2017-08-29 16:00:00',NULL),(879,'1502860385','/data/IN_Photo/2/gif1/1502860385.gif',2,2,'2017-08-16 05:14:08','0','2017-08-29 16:00:00',NULL),(880,'1502864932','/data/IN_Photo/2/gif1/1502864932.gif',2,2,'2017-08-16 06:29:59','0','2017-08-29 16:00:00',NULL),(881,'1502865574','/data/IN_Photo/2/gif1/1502865574.gif',2,2,'2017-08-16 06:40:35','0','2017-08-29 16:00:00',NULL),(882,'1502866152','/data/IN_Photo/2/gif1/1502866152.gif',2,2,'2017-08-16 06:50:23','0','2017-08-29 16:00:00',NULL),(883,'1502868254','/data/IN_Photo/2/gif1/1502868254.gif',2,2,'2017-08-16 07:25:24','0','2017-08-29 16:00:00',NULL),(884,'1502870266','/data/IN_Photo/2/gif1/1502870266.gif',2,2,'2017-08-16 07:58:46','0','2017-08-29 16:00:00',NULL),(885,'1502870431','/data/IN_Photo/2/gif1/1502870431.gif',2,2,'2017-08-16 08:01:31','0','2017-08-29 16:00:00',NULL),(886,'1502870580','/data/IN_Photo/2/gif1/1502870580.gif',2,2,'2017-08-16 08:04:08','0','2017-08-29 16:00:00',NULL),(887,'1502871043','/data/IN_Photo/2/gif1/1502871043.gif',2,2,'2017-08-16 08:11:47','0','2017-08-29 16:00:00',NULL),(888,'1502930825','/data/IN_Photo/2/gif1/1502930825.gif',2,2,'2017-08-17 00:48:08','0','2017-08-29 16:00:00',NULL),(889,'1502932012','/data/IN_Photo/2/gif1/1502932012.gif',2,2,'2017-08-17 01:07:52','0','2017-08-29 16:00:00',NULL),(890,'1502932640','/data/IN_Photo/2/gif1/1502932640.gif',2,2,'2017-08-17 01:18:36','0','2017-08-29 16:00:00',NULL),(891,'1502933379','/data/IN_Photo/2/slr/1502933379.png',2,3,'2017-08-17 01:30:00','0','2017-08-29 16:00:00',NULL),(892,'1502934193','/data/IN_Photo/2/gif1/1502934193.gif',2,2,'2017-08-17 01:44:27','0','2017-08-29 16:00:00',NULL),(893,'1502934291','/data/IN_Photo/2/gif1/1502934291.gif',2,2,'2017-08-17 01:45:51','0','2017-08-29 16:00:00',NULL),(894,'1502934479','/data/IN_Photo/2/slr/1502934479.png',2,3,'2017-08-17 01:48:05','0','2017-08-29 16:00:00',NULL),(895,'1502934478','/data/IN_Photo/2/gif1/1502934478.gif',2,2,'2017-08-17 01:49:05','0','2017-08-29 16:00:00',NULL),(896,'1502934841','/data/IN_Photo/2/gif1/1502934841.gif',2,2,'2017-08-17 01:55:05','0','2017-08-29 16:00:00',NULL),(897,'1502935147','/data/IN_Photo/2/gif1/1502935147.gif',2,2,'2017-08-17 02:00:09','0','2017-08-29 16:00:00',NULL),(898,'1502935300','/data/IN_Photo/2/gif1/1502935300.gif',2,2,'2017-08-17 02:02:52','0','2017-08-29 16:00:00',NULL),(899,'1502935472','/data/IN_Photo/2/gif1/1502935472.gif',2,2,'2017-08-17 02:05:36','0','2017-08-29 16:00:00',NULL),(900,'1502935661','/data/IN_Photo/2/gif1/1502935661.gif',2,2,'2017-08-17 02:08:44','0','2017-08-29 16:00:00',NULL),(901,'1502935872','/data/IN_Photo/2/slr/1502935872.png',2,3,'2017-08-17 02:11:22','0','2017-08-29 16:00:00',NULL),(902,'1502935894','/data/IN_Photo/2/gif1/1502935894.gif',2,2,'2017-08-17 02:12:33','0','2017-08-29 16:00:00',NULL),(903,'1502936016','/data/IN_Photo/2/slr/1502936016.png',2,3,'2017-08-17 02:14:07','0','2017-08-29 16:00:00',NULL),(904,'1502936052','/data/IN_Photo/2/gif1/1502936052.gif',2,2,'2017-08-17 02:15:12','0','2017-08-29 16:00:00',NULL),(905,'1502936130','/data/IN_Photo/2/slr/1502936130.png',2,3,'2017-08-17 02:15:38','0','2017-08-29 16:00:00',NULL),(906,'1502936156','/data/IN_Photo/2/gif1/1502936156.gif',2,2,'2017-08-17 02:17:15','0','2017-08-29 16:00:00',NULL),(907,'1502936757','/data/IN_Photo/2/slr/1502936757.png',2,3,'2017-08-17 02:26:11','0','2017-08-29 16:00:00',NULL),(908,'1502936803','/data/IN_Photo/2/slr/1502936803.png',2,3,'2017-08-17 02:26:56','0','2017-08-29 16:00:00',NULL),(909,'1502936758','/data/IN_Photo/2/gif1/1502936758.gif',2,2,'2017-08-17 02:26:57','0','2017-08-29 16:00:00',NULL),(910,'1502936968','/data/IN_Photo/2/gif1/1502936968.gif',2,2,'2017-08-17 02:30:31','0','2017-08-29 16:00:00',NULL),(911,'1502937214','/data/IN_Photo/2/slr/1502937214.png',2,3,'2017-08-17 02:34:29','0','2017-08-29 16:00:00',NULL),(912,'1502937277','/data/IN_Photo/2/slr/1502937277.png',2,3,'2017-08-17 02:35:32','0','2017-08-29 16:00:00',NULL),(913,'1502937337','/data/IN_Photo/2/gif1/1502937337.gif',2,2,'2017-08-17 02:41:11','0','2017-08-29 16:00:00',NULL),(914,'1502937678','/data/IN_Photo/2/gif1/1502937678.gif',2,2,'2017-08-17 02:42:22','0','2017-08-29 16:00:00',NULL),(915,'1502938360','/data/IN_Photo/2/gif1/1502938360.gif',2,2,'2017-08-17 02:53:44','0','2017-08-29 16:00:00',NULL),(916,'1502939217','/data/IN_Photo/2/gif1/1502939217.gif',2,2,'2017-08-17 03:08:01','0','2017-08-29 16:00:00',NULL),(917,'1502940128','/data/IN_Photo/2/gif1/1502940128.gif',2,2,'2017-08-17 03:22:18','0','2017-08-29 16:00:00',NULL),(918,'1502941767','/data/IN_Photo/2/gif1/1502941767.gif',2,2,'2017-08-17 03:49:42','0','2017-08-29 16:00:00',NULL),(919,'1502941891','/data/IN_Photo/2/gif1/1502941891.gif',2,2,'2017-08-17 03:51:40','0','2017-08-29 16:00:00',NULL),(920,'1502941971','/data/IN_Photo/2/gif1/1502941971.gif',2,2,'2017-08-17 03:53:06','0','2017-08-29 16:00:00',NULL),(921,'1502942125','/data/IN_Photo/2/gif1/1502942125.gif',2,2,'2017-08-17 03:55:40','0','2017-08-29 16:00:00',NULL),(922,'1502942400','/data/IN_Photo/2/gif1/1502942400.gif',2,2,'2017-08-17 04:00:08','0','2017-08-29 16:00:00',NULL),(923,'1502942489','/data/IN_Photo/2/gif1/1502942489.gif',2,2,'2017-08-17 04:01:38','0','2017-08-29 16:00:00',NULL),(924,'1502942786','/data/IN_Photo/2/gif1/1502942786.gif',2,2,'2017-08-17 04:06:34','0','2017-08-29 16:00:00',NULL),(925,'1502942892','/data/IN_Photo/2/gif1/1502942892.gif',2,2,'2017-08-17 04:08:20','0','2017-08-29 16:00:00',NULL),(926,'1502943007','/data/IN_Photo/2/gif1/1502943007.gif',2,2,'2017-08-17 04:10:20','0','2017-08-29 16:00:00',NULL),(927,'1502943152','/data/IN_Photo/2/gif1/1502943152.gif',2,2,'2017-08-17 04:12:40','0','2017-08-29 16:00:00',NULL),(928,'1502943306','/data/IN_Photo/2/gif1/1502943306.gif',2,2,'2017-08-17 04:15:17','0','2017-08-29 16:00:00',NULL),(929,'1502943401','/data/IN_Photo/2/gif1/1502943401.gif',2,2,'2017-08-17 04:16:51','0','2017-08-29 16:00:00',NULL),(930,'1502943540','/data/IN_Photo/2/gif1/1502943540.gif',2,2,'2017-08-17 04:19:08','0','2017-08-29 16:00:00',NULL),(931,'1502943607','/data/IN_Photo/2/gif1/1502943607.gif',2,2,'2017-08-17 04:20:18','0','2017-08-29 16:00:00',NULL),(932,'1502943676','/data/IN_Photo/2/gif1/1502943676.gif',2,2,'2017-08-17 04:21:29','0','2017-08-29 16:00:00',NULL),(933,'1502943813','/data/IN_Photo/2/gif1/1502943813.gif',2,2,'2017-08-17 04:23:44','0','2017-08-29 16:00:00',NULL),(934,'1502943943','/data/IN_Photo/2/gif1/1502943943.gif',2,2,'2017-08-17 04:26:04','0','2017-08-29 16:00:00',NULL),(935,'1502944075','/data/IN_Photo/2/gif1/1502944075.gif',2,2,'2017-08-17 04:28:11','0','2017-08-29 16:00:00',NULL),(936,'1502944513','/data/IN_Photo/2/gif1/1502944513.gif',2,2,'2017-08-17 04:35:24','0','2017-08-29 16:00:00',NULL),(937,'1502944662','/data/IN_Photo/2/gif1/1502944662.gif',2,2,'2017-08-17 04:37:57','0','2017-08-29 16:00:00',NULL),(938,'1502945107','/data/IN_Photo/2/gif1/1502945107.gif',2,2,'2017-08-17 04:45:21','0','2017-08-29 16:00:00',NULL),(939,'1502945327','/data/IN_Photo/2/gif1/1502945327.gif',2,2,'2017-08-17 04:48:57','0','2017-08-29 16:00:00',NULL),(940,'1502945654','/data/IN_Photo/2/gif1/1502945654.gif',2,2,'2017-08-17 04:54:53','0','2017-08-29 16:00:00',NULL),(941,'1502946556','/data/IN_Photo/2/gif1/1502946556.gif',2,2,'2017-08-17 05:09:25','0','2017-08-29 16:00:00',NULL),(942,'1502949578','/data/IN_Photo/2/gif1/1502949578.gif',2,2,'2017-08-17 05:59:46','0','2017-08-29 16:00:00',NULL),(943,'1502950073','/data/IN_Photo/2/gif1/1502950073.gif',2,2,'2017-08-17 06:08:01','0','2017-08-29 16:00:00',NULL),(944,'1502950457','/data/IN_Photo/2/gif1/1502950457.gif',2,2,'2017-08-17 06:14:25','0','2017-08-29 16:00:00',NULL),(945,'1502951050','/data/IN_Photo/2/gif1/1502951050.gif',2,2,'2017-08-17 06:24:21','0','2017-08-29 16:00:00',NULL),(946,'1502951173','/data/IN_Photo/2/gif1/1502951173.gif',2,2,'2017-08-17 06:26:26','0','2017-08-29 16:00:00',NULL),(947,'1502951540','/data/IN_Photo/2/gif1/1502951540.gif',2,2,'2017-08-17 06:32:33','0','2017-08-29 16:00:00',NULL),(948,'1502952160','/data/IN_Photo/2/gif1/1502952160.gif',2,2,'2017-08-17 06:42:50','0','2017-08-29 16:00:00',NULL),(949,'1502952367','/data/IN_Photo/2/gif1/1502952367.gif',2,2,'2017-08-17 06:46:21','0','2017-08-29 16:00:00',NULL),(950,'1502952521','/data/IN_Photo/2/gif1/1502952521.gif',2,2,'2017-08-17 06:48:53','0','2017-08-29 16:00:00',NULL),(951,'1502952673','/data/IN_Photo/2/gif1/1502952673.gif',2,2,'2017-08-17 06:51:24','0','2017-08-29 16:00:00',NULL),(952,'1502952849','/data/IN_Photo/2/gif1/1502952849.gif',2,2,'2017-08-17 06:54:19','0','2017-08-29 16:00:00',NULL),(953,'1502953041','/data/IN_Photo/2/gif1/1502953041.gif',2,2,'2017-08-17 06:57:32','0','2017-08-29 16:00:00',NULL),(954,'1502954264','/data/IN_Photo/2/gif1/1502954264.gif',2,2,'2017-08-17 07:17:58','0','2017-08-29 16:00:00',NULL),(955,'1502954419','/data/IN_Photo/2/gif1/1502954419.gif',2,2,'2017-08-17 07:20:30','0','2017-08-29 16:00:00',NULL),(956,'1502954589','/data/IN_Photo/2/gif1/1502954589.gif',2,2,'2017-08-17 07:23:20','0','2017-08-29 16:00:00',NULL),(957,'1502954755','/data/IN_Photo/2/gif1/1502954755.gif',2,2,'2017-08-17 07:26:04','0','2017-08-29 16:00:00',NULL),(958,'1502954854','/data/IN_Photo/2/gif1/1502954854.gif',2,2,'2017-08-17 07:28:14','0','2017-08-29 16:00:00',NULL),(959,'1502956081','/data/IN_Photo/2/gif1/1502956081.gif',2,2,'2017-08-17 07:48:15','0','2017-08-29 16:00:00',NULL),(960,'1502956399','/data/IN_Photo/2/gif1/1502956399.gif',2,2,'2017-08-17 07:53:31','0','2017-08-29 16:00:00',NULL),(961,'1502957608','/data/IN_Photo/2/gif1/1502957608.gif',2,2,'2017-08-17 08:13:40','0','2017-08-29 16:00:00',NULL),(962,'1503016823','/data/IN_Photo/2/gif1/1503016823.gif',2,2,'2017-08-18 00:40:40','0','2017-08-29 16:00:00',NULL),(963,'1503017646','/data/IN_Photo/2/gif1/1503017646.gif',2,2,'2017-08-18 00:54:36','0','2017-08-29 16:00:00',NULL),(964,'1503018561','/data/IN_Photo/2/gif1/1503018561.gif',2,2,'2017-08-18 01:09:31','0','2017-08-29 16:00:00',NULL),(965,'1503021281','/data/IN_Photo/2/gif1/1503021281.gif',2,2,'2017-08-18 01:54:58','0','2017-08-29 16:00:00',NULL),(967,'1503021553','/data/IN_Photo/2/gif1/1503021553.gif',2,2,'2017-08-18 01:59:29','0','2017-08-29 16:00:00',NULL),(968,'1503022220','/data/IN_Photo/2/slr/1503022220.png',2,3,'2017-08-18 02:10:29','0','2017-08-29 16:00:00',NULL),(969,'1503022258','/data/IN_Photo/2/slr/1503022258.png',2,3,'2017-08-18 02:11:06','0','2017-08-29 16:00:00',NULL),(970,'1503022755','/data/IN_Photo/2/gif1/1503022755.gif',2,2,'2017-08-18 02:19:25','0','2017-08-29 16:00:00',NULL),(971,'1503023074','/data/IN_Photo/2/gif1/1503023074.gif',2,2,'2017-08-18 02:24:53','0','2017-08-29 16:00:00',NULL),(972,'1503024788','/data/IN_Photo/2/gif1/1503024788.gif',2,2,'2017-08-18 02:53:24','0','2017-08-29 16:00:00',NULL),(973,'1503024860','/data/IN_Photo/2/gif1/1503024860.gif',2,2,'2017-08-18 02:54:33','0','2017-08-29 16:00:00',NULL),(974,'1503026380','/data/IN_Photo/2/gif1/1503026380.gif',2,2,'2017-08-18 03:19:57','0','2017-08-29 16:00:00',NULL),(975,'1503026458','/data/IN_Photo/2/gif1/1503026458.gif',2,2,'2017-08-18 03:25:49','0','2017-08-29 16:00:00',NULL),(976,'1503026875','/data/IN_Photo/2/gif1/1503026875.gif',2,2,'2017-08-18 03:28:15','0','2017-08-29 16:00:00',NULL),(977,'1503026938','/data/IN_Photo/2/gif1/1503026938.gif',2,2,'2017-08-18 03:29:12','0','2017-08-29 16:00:00',NULL),(978,'1503026992','/data/IN_Photo/2/slr/1503026992.png',2,3,'2017-08-18 03:29:58','0','2017-08-29 16:00:00',NULL),(979,'1503027300','/data/IN_Photo/2/gif1/1503027300.gif',2,2,'2017-08-18 03:43:34','0','2017-08-29 16:00:00',NULL),(980,'1503029585','/data/IN_Photo/2/gif1/1503029585.gif',2,2,'2017-08-18 04:13:23','0','2017-08-29 16:00:00',NULL),(981,'1503029755','/data/IN_Photo/2/gif1/1503029755.gif',2,2,'2017-08-18 04:16:07','0','2017-08-29 16:00:00',NULL),(982,'1503029883','/data/IN_Photo/2/gif1/1503029883.gif',2,2,'2017-08-18 04:18:35','0','2017-08-29 16:00:00',NULL),(983,'1503031217','/data/IN_Photo/2/gif1/1503031217.gif',2,2,'2017-08-18 04:40:26','0','2017-08-29 16:00:00',NULL),(984,'1503031282','/data/IN_Photo/2/gif1/1503031282.gif',2,2,'2017-08-18 04:41:35','0','2017-08-29 16:00:00',NULL),(985,'1503033344','/data/IN_Photo/2/gif1/1503033344.gif',2,2,'2017-08-18 05:15:57','0','2017-08-29 16:00:00',NULL),(986,'1503033474','/data/IN_Photo/2/gif1/1503033474.gif',2,2,'2017-08-18 05:18:06','0','2017-08-29 16:00:00',NULL),(987,'1503033658','/data/IN_Photo/2/gif1/1503033658.gif',2,2,'2017-08-18 05:21:28','0','2017-08-29 16:00:00',NULL),(988,'1503034337','/data/IN_Photo/2/gif1/1503034337.gif',2,2,'2017-08-18 05:32:28','0','2017-08-29 16:00:00',NULL),(989,'1503034719','/data/IN_Photo/2/gif1/1503034719.gif',2,2,'2017-08-18 05:38:52','0','2017-08-29 16:00:00',NULL),(990,'1503034885','/data/IN_Photo/2/gif1/1503034885.gif',2,2,'2017-08-18 05:41:39','0','2017-08-29 16:00:00',NULL),(991,'1503035252','/data/IN_Photo/2/gif1/1503035252.gif',2,2,'2017-08-18 05:47:45','0','2017-08-29 16:00:00',NULL),(992,'1503035360','/data/IN_Photo/2/gif1/1503035360.gif',2,2,'2017-08-18 05:49:46','0','2017-08-29 16:00:00',NULL),(993,'1503035812','/data/IN_Photo/2/gif1/1503035812.gif',2,2,'2017-08-18 05:57:08','0','2017-08-29 16:00:00',NULL),(994,'1503035958','/data/IN_Photo/2/gif1/1503035958.gif',2,2,'2017-08-18 05:59:28','0','2017-08-29 16:00:00',NULL),(995,'1503036017','/data/IN_Photo/2/gif1/1503036017.gif',2,2,'2017-08-18 06:00:28','0','2017-08-29 16:00:00',NULL),(996,'1503036135','/data/IN_Photo/2/gif1/1503036135.gif',2,2,'2017-08-18 06:02:26','0','2017-08-29 16:00:00',NULL),(997,'1503036212','/data/IN_Photo/2/gif1/1503036212.gif',2,2,'2017-08-18 06:03:48','0','2017-08-29 16:00:00',NULL),(998,'1503036323','/data/IN_Photo/2/gif1/1503036323.gif',2,2,'2017-08-18 06:05:35','0','2017-08-29 16:00:00',NULL),(999,'1503036445','/data/IN_Photo/2/gif1/1503036445.gif',2,2,'2017-08-18 06:07:37','0','2017-08-29 16:00:00',NULL),(1000,'1503036519','/data/IN_Photo/2/gif1/1503036519.gif',2,2,'2017-08-18 06:09:04','0','2017-08-29 16:00:00',NULL),(1001,'1503036690','/data/IN_Photo/2/gif1/1503036690.gif',2,2,'2017-08-18 06:11:43','0','2017-08-29 16:00:00',NULL),(1002,'1503036794','/data/IN_Photo/2/gif1/1503036794.gif',2,2,'2017-08-18 06:13:25','0','2017-08-29 16:00:00',NULL),(1003,'1503037063','/data/IN_Photo/2/gif1/1503037063.gif',2,2,'2017-08-18 06:17:55','0','2017-08-29 16:00:00',NULL),(1004,'1503037172','/data/IN_Photo/2/slr/1503037172.png',2,3,'2017-08-18 06:19:41','0','2017-08-29 16:00:00',NULL),(1005,'1503037208','/data/IN_Photo/2/slr/1503037208.png',2,3,'2017-08-18 06:20:15','0','2017-08-29 16:00:00',NULL),(1006,'1503038664','/data/IN_Photo/2/slr/1503038664.png',2,3,'2017-08-18 06:44:29','0','2017-08-29 16:00:00',NULL),(1007,'1503038760','/data/IN_Photo/2/slr/1503038760.png',2,3,'2017-08-18 06:46:07','0','2017-08-29 16:00:00',NULL),(1008,'1503038805','/data/IN_Photo/2/slr/1503038805.png',2,3,'2017-08-18 06:46:51','0','2017-08-29 16:00:00',NULL),(1009,'1503038842','/data/IN_Photo/2/slr/1503038842.png',2,3,'2017-08-18 06:47:27','0','2017-08-29 16:00:00',NULL),(1010,'1503039173','/data/IN_Photo/2/slr/1503039173.png',2,3,'2017-08-18 06:53:03','0','2017-08-29 16:00:00',NULL),(1011,'1503039322','/data/IN_Photo/2/slr/1503039322.png',2,3,'2017-08-18 06:55:30','0','2017-08-29 16:00:00',NULL),(1012,'1323250948','/data/IN_Photo/2/slr/1323250948.png',2,3,'2017-08-18 09:43:10','0','2017-08-29 16:00:00',NULL),(1013,'1323251033','/data/IN_Photo/2/slr/1323251033.png',2,3,'2017-08-18 09:44:38','0','2017-08-29 16:00:00',NULL),(1014,'1323251128','/data/IN_Photo/2/slr/1323251128.png',2,3,'2017-08-18 09:46:09','0','2017-08-29 16:00:00',NULL),(1015,'1323251176','/data/IN_Photo/2/slr/1323251176.png',2,3,'2017-08-18 09:46:59','0','2017-08-29 16:00:00',NULL),(1016,'1503129519','/data/IN_Photo/2/slr/1503129519.png',2,3,'2017-08-19 07:58:52','0','2017-08-29 16:00:00',NULL),(1017,'1503129873','/data/IN_Photo/2/slr/1503129873.png',2,3,'2017-08-19 08:04:48','0','2017-08-29 16:00:00',NULL),(1018,'1503130035','/data/IN_Photo/2/slr/1503130035.png',2,3,'2017-08-19 08:07:27','0','2017-08-29 16:00:00',NULL),(1019,'1503130708','/data/IN_Photo/2/slr/1503130708.png',2,3,'2017-08-19 08:18:39','0','2017-08-29 16:00:00',NULL),(1020,'1503130850','/data/IN_Photo/2/slr/1503130850.png',2,3,'2017-08-19 08:21:08','0','2017-08-29 16:00:00',NULL),(1021,'1503131341','/data/IN_Photo/2/slr/1503131341.png',2,3,'2017-08-19 08:29:12','0','2017-08-29 16:00:00',NULL),(1022,'1503131453','/data/IN_Photo/2/slr/1503131453.png',2,3,'2017-08-19 08:31:13','0','2017-08-29 16:00:00',NULL),(1023,'1503131572','/data/IN_Photo/2/slr/1503131572.png',2,3,'2017-08-19 08:33:05','0','2017-08-29 16:00:00',NULL),(1024,'1503131924','/data/IN_Photo/2/slr/1503131924.png',2,3,'2017-08-19 08:38:56','0','2017-08-29 16:00:00',NULL),(1025,'1503132007','/data/IN_Photo/2/slr/1503132007.png',2,3,'2017-08-19 08:40:19','0','2017-08-29 16:00:00',NULL),(1026,'1503132055','/data/IN_Photo/2/slr/1503132055.png',2,3,'2017-08-19 08:41:09','0','2017-08-29 16:00:00',NULL),(1027,'1503132481','/data/IN_Photo/2/slr/1503132481.png',2,3,'2017-08-19 08:48:16','0','2017-08-29 16:00:00',NULL),(1028,'1503132583','/data/IN_Photo/2/slr/1503132583.png',2,3,'2017-08-19 08:49:56','0','2017-08-29 16:00:00',NULL),(1029,'1503132652','/data/IN_Photo/2/slr/1503132652.png',2,3,'2017-08-19 08:51:06','0','2017-08-29 16:00:00',NULL),(1030,'1503132736','/data/IN_Photo/2/slr/1503132736.png',2,3,'2017-08-19 08:52:29','0','2017-08-29 16:00:00',NULL),(1031,'1503132808','/data/IN_Photo/2/slr/1503132808.png',2,3,'2017-08-19 08:53:40','0','2017-08-29 16:00:00',NULL),(1032,'1503132830','/data/IN_Photo/2/slr/1503132830.png',2,3,'2017-08-19 08:54:03','0','2017-08-29 16:00:00',NULL),(1033,'1503132967','/data/IN_Photo/2/slr/1503132967.png',2,3,'2017-08-19 08:56:19','0','2017-08-29 16:00:00',NULL),(1034,'1503133199','/data/IN_Photo/2/slr/1503133199.png',2,3,'2017-08-19 09:00:11','0','2017-08-29 16:00:00',NULL),(1035,'1503133676','/data/IN_Photo/2/slr/1503133676.png',2,3,'2017-08-19 09:08:09','0','2017-08-29 16:00:00',NULL),(1036,'1503135049','/data/IN_Photo/2/slr/1503135049.png',2,3,'2017-08-19 09:30:59','0','2017-08-29 16:00:00',NULL),(1037,'1503136878','/data/IN_Photo/2/slr/1503136878.png',2,3,'2017-08-19 10:01:34','0','2017-08-29 16:00:00',NULL),(1038,'1503136957','/data/IN_Photo/2/slr/1503136957.png',2,3,'2017-08-19 10:02:50','0','2017-08-29 16:00:00',NULL),(1039,'1503137019','/data/IN_Photo/2/slr/1503137019.png',2,3,'2017-08-19 10:03:50','0','2017-08-29 16:00:00',NULL),(1040,'1503137046','/data/IN_Photo/2/slr/1503137046.png',2,3,'2017-08-19 10:04:25','0','2017-08-29 16:00:00',NULL),(1041,'1503191716','/data/IN_Photo/2/slr/1503191716.png',2,3,'2017-08-20 01:15:31','0','2017-08-29 16:00:00',NULL),(1042,'1503192195','/data/IN_Photo/2/slr/1503192195.png',2,3,'2017-08-20 01:23:28','0','2017-08-29 16:00:00',NULL),(1043,'1503193305','/data/IN_Photo/2/slr/1503193305.png',2,3,'2017-08-20 01:41:55','0','2017-08-29 16:00:00',NULL),(1044,'1503193336','/data/IN_Photo/2/slr/1503193336.png',2,3,'2017-08-20 01:42:28','0','2017-08-29 16:00:00',NULL),(1045,'1503193361','/data/IN_Photo/2/slr/1503193361.png',2,3,'2017-08-20 01:42:51','0','2017-08-29 16:00:00',NULL),(1046,'1503193383','/data/IN_Photo/2/slr/1503193383.png',2,3,'2017-08-20 01:43:14','0','2017-08-29 16:00:00',NULL),(1047,'1503193425','/data/IN_Photo/2/slr/1503193425.png',2,3,'2017-08-20 01:43:57','0','2017-08-29 16:00:00',NULL),(1048,'1503193448','/data/IN_Photo/2/slr/1503193448.png',2,3,'2017-08-20 01:44:19','0','2017-08-29 16:00:00',NULL),(1049,'1503193467','/data/IN_Photo/2/slr/1503193467.png',2,3,'2017-08-20 01:44:39','0','2017-08-29 16:00:00',NULL),(1050,'1503193493','/data/IN_Photo/2/slr/1503193493.png',2,3,'2017-08-20 01:45:09','0','2017-08-29 16:00:00',NULL),(1051,'1503193538','/data/IN_Photo/2/slr/1503193538.png',2,3,'2017-08-20 01:45:51','0','2017-08-29 16:00:00',NULL),(1052,'1503193562','/data/IN_Photo/2/slr/1503193562.png',2,3,'2017-08-20 01:46:12','0','2017-08-29 16:00:00',NULL),(1053,'1503193580','/data/IN_Photo/2/slr/1503193580.png',2,3,'2017-08-20 01:46:34','0','2017-08-29 16:00:00',NULL),(1054,'1503193601','/data/IN_Photo/2/slr/1503193601.png',2,3,'2017-08-20 01:46:54','0','2017-08-29 16:00:00',NULL),(1055,'1503193622','/data/IN_Photo/2/slr/1503193622.png',2,3,'2017-08-20 01:47:14','0','2017-08-29 16:00:00',NULL),(1056,'1503193699','/data/IN_Photo/2/slr/1503193699.png',2,3,'2017-08-20 01:48:30','0','2017-08-29 16:00:00',NULL),(1057,'1503193734','/data/IN_Photo/2/slr/1503193734.png',2,3,'2017-08-20 01:49:20','0','2017-08-29 16:00:00',NULL),(1058,'1503193767','/data/IN_Photo/2/slr/1503193767.png',2,3,'2017-08-20 01:49:50','0','2017-08-29 16:00:00',NULL),(1059,'1503193797','/data/IN_Photo/2/slr/1503193797.png',2,3,'2017-08-20 01:50:08','0','2017-08-29 16:00:00',NULL),(1060,'1503193817','/data/IN_Photo/2/slr/1503193817.png',2,3,'2017-08-20 01:50:30','0','2017-08-29 16:00:00',NULL),(1061,'1503193872','/data/IN_Photo/2/slr/1503193872.png',2,3,'2017-08-20 01:51:23','0','2017-08-29 16:00:00',NULL),(1062,'1503193901','/data/IN_Photo/2/slr/1503193901.png',2,3,'2017-08-20 01:51:53','0','2017-08-29 16:00:00',NULL),(1063,'1503193940','/data/IN_Photo/2/slr/1503193940.png',2,3,'2017-08-20 01:52:39','0','2017-08-29 16:00:00',NULL),(1064,'1503193971','/data/IN_Photo/2/slr/1503193971.png',2,3,'2017-08-20 01:53:03','0','2017-08-29 16:00:00',NULL),(1065,'1503194002','/data/IN_Photo/2/slr/1503194002.png',2,3,'2017-08-20 01:53:40','0','2017-08-29 16:00:00',NULL),(1066,'1503194028','/data/IN_Photo/2/slr/1503194028.png',2,3,'2017-08-20 01:54:02','0','2017-08-29 16:00:00',NULL),(1067,'1503194091','/data/IN_Photo/2/slr/1503194091.png',2,3,'2017-08-20 01:55:13','0','2017-08-29 16:00:00',NULL),(1068,'1503194208','/data/IN_Photo/2/slr/1503194208.png',2,3,'2017-08-20 01:57:01','0','2017-08-29 16:00:00',NULL),(1069,'1503194351','/data/IN_Photo/2/slr/1503194351.png',2,3,'2017-08-20 01:59:25','0','2017-08-29 16:00:00',NULL),(1070,'1503194402','/data/IN_Photo/2/slr/1503194402.png',2,3,'2017-08-20 02:00:17','0','2017-08-29 16:00:00',NULL),(1071,'1503194424','/data/IN_Photo/2/slr/1503194424.png',2,3,'2017-08-20 02:00:37','0','2017-08-29 16:00:00',NULL),(1072,'1503194447','/data/IN_Photo/2/slr/1503194447.png',2,3,'2017-08-20 02:01:01','0','2017-08-29 16:00:00',NULL),(1073,'1503194469','/data/IN_Photo/2/slr/1503194469.png',2,3,'2017-08-20 02:01:21','0','2017-08-29 16:00:00',NULL),(1074,'1503194488','/data/IN_Photo/2/slr/1503194488.png',2,3,'2017-08-20 02:01:42','0','2017-08-29 16:00:00',NULL),(1075,'1503194514','/data/IN_Photo/2/slr/1503194514.png',2,3,'2017-08-20 02:02:10','0','2017-08-29 16:00:00',NULL),(1076,'1503194538','/data/IN_Photo/2/slr/1503194538.png',2,3,'2017-08-20 02:02:38','0','2017-08-29 16:00:00',NULL),(1077,'1503194611','/data/IN_Photo/2/slr/1503194611.png',2,3,'2017-08-20 02:03:50','0','2017-08-29 16:00:00',NULL),(1078,'1503194674','/data/IN_Photo/2/slr/1503194674.png',2,3,'2017-08-20 02:04:58','0','2017-08-29 16:00:00',NULL),(1079,'1503194913','/data/IN_Photo/2/slr/1503194913.png',2,3,'2017-08-20 02:09:12','0','2017-08-29 16:00:00',NULL),(1080,'1503194959','/data/IN_Photo/2/slr/1503194959.png',2,3,'2017-08-20 02:09:31','0','2017-08-29 16:00:00',NULL),(1081,'1503194986','/data/IN_Photo/2/slr/1503194986.png',2,3,'2017-08-20 02:09:58','0','2017-08-29 16:00:00',NULL),(1082,'1503195006','/data/IN_Photo/2/slr/1503195006.png',2,3,'2017-08-20 02:10:17','0','2017-08-29 16:00:00',NULL),(1083,'1503195024','/data/IN_Photo/2/slr/1503195024.png',2,3,'2017-08-20 02:10:34','0','2017-08-29 16:00:00',NULL),(1084,'1503195042','/data/IN_Photo/2/slr/1503195042.png',2,3,'2017-08-20 02:10:53','0','2017-08-29 16:00:00',NULL),(1085,'1503195061','/data/IN_Photo/2/slr/1503195061.png',2,3,'2017-08-20 02:11:13','0','2017-08-29 16:00:00',NULL),(1086,'1503195082','/data/IN_Photo/2/slr/1503195082.png',2,3,'2017-08-20 02:11:34','0','2017-08-29 16:00:00',NULL),(1087,'1503195102','/data/IN_Photo/2/slr/1503195102.png',2,3,'2017-08-20 02:11:57','0','2017-08-29 16:00:00',NULL),(1088,'1503195140','/data/IN_Photo/2/slr/1503195140.png',2,3,'2017-08-20 02:12:31','0','2017-08-29 16:00:00',NULL),(1089,'1503195159','/data/IN_Photo/2/slr/1503195159.png',2,3,'2017-08-20 02:12:56','0','2017-08-29 16:00:00',NULL),(1090,'1503195189','/data/IN_Photo/2/slr/1503195189.png',2,3,'2017-08-20 02:13:22','0','2017-08-29 16:00:00',NULL),(1091,'1503195219','/data/IN_Photo/2/slr/1503195219.png',2,3,'2017-08-20 02:13:58','0','2017-08-29 16:00:00',NULL),(1092,'1503195258','/data/IN_Photo/2/slr/1503195258.png',2,3,'2017-08-20 02:14:58','0','2017-08-29 16:00:00',NULL),(1093,'1503195558','/data/IN_Photo/2/slr/1503195558.png',2,3,'2017-08-20 02:19:35','0','2017-08-29 16:00:00',NULL),(1094,'1503195585','/data/IN_Photo/2/slr/1503195585.png',2,3,'2017-08-20 02:21:16','0','2017-08-29 16:00:00',NULL),(1095,'1503195710','/data/IN_Photo/2/slr/1503195710.png',2,3,'2017-08-20 02:22:48','0','2017-08-29 16:00:00',NULL),(1096,'1503195776','/data/IN_Photo/2/slr/1503195776.png',2,3,'2017-08-20 02:23:28','0','2017-08-29 16:00:00',NULL),(1097,'1503195819','/data/IN_Photo/2/slr/1503195819.png',2,3,'2017-08-20 02:23:55','0','2017-08-29 16:00:00',NULL),(1098,'1503195842','/data/IN_Photo/2/slr/1503195842.png',2,3,'2017-08-20 02:24:17','0','2017-08-29 16:00:00',NULL),(1099,'1503195865','/data/IN_Photo/2/slr/1503195865.png',2,3,'2017-08-20 02:24:38','0','2017-08-29 16:00:00',NULL),(1100,'1503195887','/data/IN_Photo/2/slr/1503195887.png',2,3,'2017-08-20 02:24:59','0','2017-08-29 16:00:00',NULL),(1101,'1503195906','/data/IN_Photo/2/slr/1503195906.png',2,3,'2017-08-20 02:25:33','0','2017-08-29 16:00:00',NULL),(1102,'1503195941','/data/IN_Photo/2/slr/1503195941.png',2,3,'2017-08-20 02:25:57','0','2017-08-29 16:00:00',NULL),(1103,'1503195964','/data/IN_Photo/2/slr/1503195964.png',2,3,'2017-08-20 02:26:23','0','2017-08-29 16:00:00',NULL),(1104,'1503195993','/data/IN_Photo/2/slr/1503195993.png',2,3,'2017-08-20 02:26:45','0','2017-08-29 16:00:00',NULL),(1105,'1503196013','/data/IN_Photo/2/slr/1503196013.png',2,3,'2017-08-20 02:27:05','0','2017-08-29 16:00:00',NULL),(1106,'1503196032','/data/IN_Photo/2/slr/1503196032.png',2,3,'2017-08-20 02:27:23','0','2017-08-29 16:00:00',NULL),(1107,'1503196052','/data/IN_Photo/2/slr/1503196052.png',2,3,'2017-08-20 02:27:45','0','2017-08-29 16:00:00',NULL),(1108,'1503196071','/data/IN_Photo/2/slr/1503196071.png',2,3,'2017-08-20 02:28:05','0','2017-08-29 16:00:00',NULL),(1109,'1503196091','/data/IN_Photo/2/slr/1503196091.png',2,3,'2017-08-20 02:28:24','0','2017-08-29 16:00:00',NULL),(1110,'1503196112','/data/IN_Photo/2/slr/1503196112.png',2,3,'2017-08-20 02:28:43','0','2017-08-29 16:00:00',NULL),(1111,'1503196136','/data/IN_Photo/2/slr/1503196136.png',2,3,'2017-08-20 02:29:48','0','2017-08-29 16:00:00',NULL),(1112,'1503196198','/data/IN_Photo/2/slr/1503196198.png',2,3,'2017-08-20 02:30:30','0','2017-08-29 16:00:00',NULL),(1113,'1503196245','/data/IN_Photo/2/slr/1503196245.png',2,3,'2017-08-20 02:31:12','0','2017-08-29 16:00:00',NULL),(1114,'1503196290','/data/IN_Photo/2/slr/1503196290.png',2,3,'2017-08-20 02:31:44','0','2017-08-29 16:00:00',NULL),(1115,'1503196313','/data/IN_Photo/2/slr/1503196313.png',2,3,'2017-08-20 02:32:04','0','2017-08-29 16:00:00',NULL),(1116,'1503196334','/data/IN_Photo/2/slr/1503196334.png',2,3,'2017-08-20 02:32:25','0','2017-08-29 16:00:00',NULL),(1117,'1503196353','/data/IN_Photo/2/slr/1503196353.png',2,3,'2017-08-20 02:32:44','0','2017-08-29 16:00:00',NULL),(1118,'1503196372','/data/IN_Photo/2/slr/1503196372.png',2,3,'2017-08-20 02:33:18','0','2017-08-29 16:00:00',NULL),(1119,'1503196407','/data/IN_Photo/2/slr/1503196407.png',2,3,'2017-08-20 02:33:38','0','2017-08-29 16:00:00',NULL),(1120,'1503196425','/data/IN_Photo/2/slr/1503196425.png',2,3,'2017-08-20 02:34:11','0','2017-08-29 16:00:00',NULL),(1121,'1503196510','/data/IN_Photo/2/slr/1503196510.png',2,3,'2017-08-20 02:35:23','0','2017-08-29 16:00:00',NULL),(1122,'1503196536','/data/IN_Photo/2/slr/1503196536.png',2,3,'2017-08-20 02:35:50','0','2017-08-29 16:00:00',NULL),(1123,'1503196560','/data/IN_Photo/2/slr/1503196560.png',2,3,'2017-08-20 02:36:12','0','2017-08-29 16:00:00',NULL),(1124,'1503196581','/data/IN_Photo/2/slr/1503196581.png',2,3,'2017-08-20 02:36:40','0','2017-08-29 16:00:00',NULL),(1125,'1503196607','/data/IN_Photo/2/slr/1503196607.png',2,3,'2017-08-20 02:36:58','0','2017-08-29 16:00:00',NULL),(1126,'1503196626','/data/IN_Photo/2/slr/1503196626.png',2,3,'2017-08-20 02:37:18','0','2017-08-29 16:00:00',NULL),(1127,'1503196647','/data/IN_Photo/2/slr/1503196647.png',2,3,'2017-08-20 02:37:40','0','2017-08-29 16:00:00',NULL),(1128,'1503196668','/data/IN_Photo/2/slr/1503196668.png',2,3,'2017-08-20 02:37:58','0','2017-08-29 16:00:00',NULL),(1129,'1503196685','/data/IN_Photo/2/slr/1503196685.png',2,3,'2017-08-20 02:38:16','0','2017-08-29 16:00:00',NULL),(1130,'1503196702','/data/IN_Photo/2/slr/1503196702.png',2,3,'2017-08-20 02:38:33','0','2017-08-29 16:00:00',NULL),(1131,'1503196720','/data/IN_Photo/2/slr/1503196720.png',2,3,'2017-08-20 02:38:52','0','2017-08-29 16:00:00',NULL),(1132,'1503196739','/data/IN_Photo/2/slr/1503196739.png',2,3,'2017-08-20 02:39:10','0','2017-08-29 16:00:00',NULL),(1133,'1503196758','/data/IN_Photo/2/slr/1503196758.png',2,3,'2017-08-20 02:39:40','0','2017-08-29 16:00:00',NULL),(1134,'1503196788','/data/IN_Photo/2/slr/1503196788.png',2,3,'2017-08-20 02:40:02','0','2017-08-29 16:00:00',NULL),(1135,'1503196809','/data/IN_Photo/2/slr/1503196809.png',2,3,'2017-08-20 02:40:27','0','2017-08-29 16:00:00',NULL),(1136,'1503196835','/data/IN_Photo/2/slr/1503196835.png',2,3,'2017-08-20 02:40:55','0','2017-08-29 16:00:00',NULL),(1137,'1503196920','/data/IN_Photo/2/slr/1503196920.png',2,3,'2017-08-20 02:42:12','0','2017-08-29 16:00:00',NULL),(1138,'1503196940','/data/IN_Photo/2/slr/1503196940.png',2,3,'2017-08-20 02:42:31','0','2017-08-29 16:00:00',NULL),(1139,'1503196959','/data/IN_Photo/2/slr/1503196959.png',2,3,'2017-08-20 02:43:09','0','2017-08-29 16:00:00',NULL),(1140,'1503196996','/data/IN_Photo/2/slr/1503196996.png',2,3,'2017-08-20 02:43:26','0','2017-08-29 16:00:00',NULL),(1141,'1503197041','/data/IN_Photo/2/slr/1503197041.png',2,3,'2017-08-20 02:44:11','0','2017-08-29 16:00:00',NULL),(1142,'1503197059','/data/IN_Photo/2/slr/1503197059.png',2,3,'2017-08-20 02:44:30','0','2017-08-29 16:00:00',NULL),(1143,'1503197079','/data/IN_Photo/2/slr/1503197079.png',2,3,'2017-08-20 02:44:53','0','2017-08-29 16:00:00',NULL),(1144,'1503197101','/data/IN_Photo/2/slr/1503197101.png',2,3,'2017-08-20 02:45:11','0','2017-08-29 16:00:00',NULL),(1145,'1503197118','/data/IN_Photo/2/slr/1503197118.png',2,3,'2017-08-20 02:45:28','0','2017-08-29 16:00:00',NULL),(1146,'1503197135','/data/IN_Photo/2/slr/1503197135.png',2,3,'2017-08-20 02:45:45','0','2017-08-29 16:00:00',NULL),(1147,'1503197152','/data/IN_Photo/2/slr/1503197152.png',2,3,'2017-08-20 02:46:02','0','2017-08-29 16:00:00',NULL),(1148,'1503197168','/data/IN_Photo/2/slr/1503197168.png',2,3,'2017-08-20 02:46:23','0','2017-08-29 16:00:00',NULL),(1149,'1503197192','/data/IN_Photo/2/slr/1503197192.png',2,3,'2017-08-20 02:46:43','0','2017-08-29 16:00:00',NULL),(1150,'1503197209','/data/IN_Photo/2/slr/1503197209.png',2,3,'2017-08-20 02:47:01','0','2017-08-29 16:00:00',NULL),(1151,'1503197228','/data/IN_Photo/2/slr/1503197228.png',2,3,'2017-08-20 02:47:19','0','2017-08-29 16:00:00',NULL),(1152,'1503197247','/data/IN_Photo/2/slr/1503197247.png',2,3,'2017-08-20 02:47:36','0','2017-08-29 16:00:00',NULL),(1153,'1503197266','/data/IN_Photo/2/slr/1503197266.png',2,3,'2017-08-20 02:47:58','0','2017-08-29 16:00:00',NULL),(1154,'1503197284','/data/IN_Photo/2/slr/1503197284.png',2,3,'2017-08-20 02:48:15','0','2017-08-29 16:00:00',NULL),(1155,'1503197304','/data/IN_Photo/2/slr/1503197304.png',2,3,'2017-08-20 02:48:50','0','2017-08-29 16:00:00',NULL),(1156,'1503197342','/data/IN_Photo/2/slr/1503197342.png',2,3,'2017-08-20 02:49:26','0','2017-08-29 16:00:00',NULL),(1157,'1503197375','/data/IN_Photo/2/slr/1503197375.png',2,3,'2017-08-20 02:50:02','0','2017-08-29 16:00:00',NULL),(1158,'1503197411','/data/IN_Photo/2/slr/1503197411.png',2,3,'2017-08-20 02:50:27','0','2017-08-29 16:00:00',NULL),(1159,'1503197443','/data/IN_Photo/2/slr/1503197443.png',2,3,'2017-08-20 02:50:56','0','2017-08-29 16:00:00',NULL),(1160,'1503197466','/data/IN_Photo/2/slr/1503197466.png',2,3,'2017-08-20 02:51:16','0','2017-08-29 16:00:00',NULL),(1161,'1503197485','/data/IN_Photo/2/slr/1503197485.png',2,3,'2017-08-20 02:51:36','0','2017-08-29 16:00:00',NULL),(1162,'1503197503','/data/IN_Photo/2/slr/1503197503.png',2,3,'2017-08-20 02:51:53','0','2017-08-29 16:00:00',NULL),(1163,'1503197521','/data/IN_Photo/2/slr/1503197521.png',2,3,'2017-08-20 02:52:13','0','2017-08-29 16:00:00',NULL),(1164,'1503197542','/data/IN_Photo/2/slr/1503197542.png',2,3,'2017-08-20 02:52:33','0','2017-08-29 16:00:00',NULL),(1165,'1503197560','/data/IN_Photo/2/slr/1503197560.png',2,3,'2017-08-20 02:52:51','0','2017-08-29 16:00:00',NULL),(1166,'1503197587','/data/IN_Photo/2/slr/1503197587.png',2,3,'2017-08-20 02:53:18','0','2017-08-29 16:00:00',NULL),(1167,'1503197614','/data/IN_Photo/2/slr/1503197614.png',2,3,'2017-08-20 02:53:45','0','2017-08-29 16:00:00',NULL),(1168,'1503197647','/data/IN_Photo/2/slr/1503197647.png',2,3,'2017-08-20 02:54:20','0','2017-08-29 16:00:00',NULL),(1169,'1503197667','/data/IN_Photo/2/slr/1503197667.png',2,3,'2017-08-20 02:54:47','0','2017-08-29 16:00:00',NULL),(1170,'1503197831','/data/IN_Photo/2/slr/1503197831.png',2,3,'2017-08-20 02:57:36','0','2017-08-29 16:00:00',NULL),(1171,'1503197868','/data/IN_Photo/2/slr/1503197868.png',2,3,'2017-08-20 02:58:05','0','2017-08-29 16:00:00',NULL),(1172,'1503197895','/data/IN_Photo/2/slr/1503197895.png',2,3,'2017-08-20 02:58:31','0','2017-08-29 16:00:00',NULL),(1173,'1503197918','/data/IN_Photo/2/slr/1503197918.png',2,3,'2017-08-20 02:58:54','0','2017-08-29 16:00:00',NULL),(1174,'1503197946','/data/IN_Photo/2/slr/1503197946.png',2,3,'2017-08-20 02:59:17','0','2017-08-29 16:00:00',NULL),(1175,'1503197970','/data/IN_Photo/2/slr/1503197970.png',2,3,'2017-08-20 02:59:43','0','2017-08-29 16:00:00',NULL),(1176,'1503197997','/data/IN_Photo/2/slr/1503197997.png',2,3,'2017-08-20 03:00:08','0','2017-08-29 16:00:00',NULL),(1177,'1503198019','/data/IN_Photo/2/slr/1503198019.png',2,3,'2017-08-20 03:00:32','0','2017-08-29 16:00:00',NULL),(1178,'1503198043','/data/IN_Photo/2/slr/1503198043.png',2,3,'2017-08-20 03:00:54','0','2017-08-29 16:00:00',NULL),(1179,'1503198063','/data/IN_Photo/2/slr/1503198063.png',2,3,'2017-08-20 03:01:17','0','2017-08-29 16:00:00',NULL),(1180,'1503198086','/data/IN_Photo/2/slr/1503198086.png',2,3,'2017-08-20 03:01:36','0','2017-08-29 16:00:00',NULL),(1181,'1503198106','/data/IN_Photo/2/slr/1503198106.png',2,3,'2017-08-20 03:01:57','0','2017-08-29 16:00:00',NULL),(1182,'1503198127','/data/IN_Photo/2/slr/1503198127.png',2,3,'2017-08-20 03:02:16','0','2017-08-29 16:00:00',NULL),(1183,'1503198144','/data/IN_Photo/2/slr/1503198144.png',2,3,'2017-08-20 03:02:34','0','2017-08-29 16:00:00',NULL),(1184,'1503198161','/data/IN_Photo/2/slr/1503198161.png',2,3,'2017-08-20 03:02:51','0','2017-08-29 16:00:00',NULL),(1185,'1503198180','/data/IN_Photo/2/slr/1503198180.png',2,3,'2017-08-20 03:03:15','0','2017-08-29 16:00:00',NULL),(1186,'1503198202','/data/IN_Photo/2/slr/1503198202.png',2,3,'2017-08-20 03:03:34','0','2017-08-29 16:00:00',NULL),(1187,'1503198227','/data/IN_Photo/2/slr/1503198227.png',2,3,'2017-08-20 03:03:59','0','2017-08-29 16:00:00',NULL),(1188,'1503198262','/data/IN_Photo/2/slr/1503198262.png',2,3,'2017-08-20 03:04:35','0','2017-08-29 16:00:00',NULL),(1189,'1503198282','/data/IN_Photo/2/slr/1503198282.png',2,3,'2017-08-20 03:04:52','0','2017-08-29 16:00:00',NULL),(1190,'1503198299','/data/IN_Photo/2/slr/1503198299.png',2,3,'2017-08-20 03:05:09','0','2017-08-29 16:00:00',NULL),(1191,'1503198316','/data/IN_Photo/2/slr/1503198316.png',2,3,'2017-08-20 03:05:33','0','2017-08-29 16:00:00',NULL),(1192,'1503198340','/data/IN_Photo/2/slr/1503198340.png',2,3,'2017-08-20 03:06:01','0','2017-08-29 16:00:00',NULL),(1193,'1503198368','/data/IN_Photo/2/slr/1503198368.png',2,3,'2017-08-20 03:06:43','0','2017-08-29 16:00:00',NULL),(1194,'1503198468','/data/IN_Photo/2/slr/1503198468.png',2,3,'2017-08-20 03:08:01','0','2017-08-29 16:00:00',NULL),(1195,'1503198490','/data/IN_Photo/2/slr/1503198490.png',2,3,'2017-08-20 03:08:32','0','2017-08-29 16:00:00',NULL),(1196,'1503198524','/data/IN_Photo/2/slr/1503198524.png',2,3,'2017-08-20 03:09:16','0','2017-08-29 16:00:00',NULL),(1197,'1503198565','/data/IN_Photo/2/slr/1503198565.png',2,3,'2017-08-20 03:09:50','0','2017-08-29 16:00:00',NULL),(1198,'1503198600','/data/IN_Photo/2/slr/1503198600.png',2,3,'2017-08-20 03:10:15','0','2017-08-29 16:00:00',NULL),(1199,'1503198623','/data/IN_Photo/2/slr/1503198623.png',2,3,'2017-08-20 03:10:36','0','2017-08-29 16:00:00',NULL),(1200,'1503198643','/data/IN_Photo/2/slr/1503198643.png',2,3,'2017-08-20 03:10:54','0','2017-08-29 16:00:00',NULL),(1201,'1503198663','/data/IN_Photo/2/slr/1503198663.png',2,3,'2017-08-20 03:11:13','0','2017-08-29 16:00:00',NULL),(1202,'1503198681','/data/IN_Photo/2/slr/1503198681.png',2,3,'2017-08-20 03:11:34','0','2017-08-29 16:00:00',NULL),(1203,'1503198705','/data/IN_Photo/2/slr/1503198705.png',2,3,'2017-08-20 03:12:04','0','2017-08-29 16:00:00',NULL),(1204,'1503198734','/data/IN_Photo/2/slr/1503198734.png',2,3,'2017-08-20 03:12:27','0','2017-08-29 16:00:00',NULL),(1205,'1503199102','/data/IN_Photo/2/slr/1503199102.png',2,3,'2017-08-20 03:18:35','0','2017-08-29 16:00:00',NULL),(1206,'1503199300','/data/IN_Photo/2/slr/1503199300.png',2,3,'2017-08-20 03:24:09','0','2017-08-29 16:00:00',NULL),(1207,'1503199930','/data/IN_Photo/2/slr/1503199930.png',2,3,'2017-08-20 03:32:21','0','2017-08-29 16:00:00',NULL),(1208,'1503201998','/data/IN_Photo/2/slr/1503201998.png',2,3,'2017-08-20 04:06:51','0','2017-08-29 16:00:00',NULL),(1209,'1503202199','/data/IN_Photo/2/slr/1503202199.png',2,3,'2017-08-20 04:10:12','0','2017-08-29 16:00:00',NULL),(1210,'1503202274','/data/IN_Photo/2/slr/1503202274.png',2,3,'2017-08-20 04:11:25','0','2017-08-29 16:00:00',NULL),(1211,'1503202448','/data/IN_Photo/2/slr/1503202448.png',2,3,'2017-08-20 04:14:20','0','2017-08-29 16:00:00',NULL),(1212,'1503202468','/data/IN_Photo/2/slr/1503202468.png',2,3,'2017-08-20 04:14:39','0','2017-08-29 16:00:00',NULL),(1213,'1503202531','/data/IN_Photo/2/slr/1503202531.png',2,3,'2017-08-20 04:15:50','0','2017-08-29 16:00:00',NULL),(1214,'1503202589','/data/IN_Photo/2/slr/1503202589.png',2,3,'2017-08-20 04:16:42','0','2017-08-29 16:00:00',NULL),(1215,'1503202864','/data/IN_Photo/2/gif1/1503202864.gif',2,2,'2017-08-20 04:21:22','0','2017-08-29 16:00:00',NULL),(1216,'1503203051','/data/IN_Photo/2/slr/1503203051.png',2,3,'2017-08-20 04:24:37','0','2017-08-29 16:00:00',NULL),(1217,'1503203199','/data/IN_Photo/2/slr/1503203199.png',2,3,'2017-08-20 04:27:00','0','2017-08-29 16:00:00',NULL),(1218,'1503204855','/data/IN_Photo/2/slr/1503204855.png',2,3,'2017-08-20 04:54:34','0','2017-08-29 16:00:00',NULL),(1219,'1503204916','/data/IN_Photo/2/slr/1503204916.png',2,3,'2017-08-20 04:55:29','0','2017-08-29 16:00:00',NULL),(1220,'1503204975','/data/IN_Photo/2/slr/1503204975.png',2,3,'2017-08-20 04:56:30','0','2017-08-29 16:00:00',NULL),(1221,'1503205016','/data/IN_Photo/2/slr/1503205016.png',2,3,'2017-08-20 04:57:09','0','2017-08-29 16:00:00',NULL),(1222,'1503205050','/data/IN_Photo/2/slr/1503205050.png',2,3,'2017-08-20 04:57:42','0','2017-08-29 16:00:00',NULL),(1223,'1503205086','/data/IN_Photo/2/slr/1503205086.png',2,3,'2017-08-20 04:58:18','0','2017-08-29 16:00:00',NULL),(1224,'1503205153','/data/IN_Photo/2/slr/1503205153.png',2,3,'2017-08-20 04:59:27','0','2017-08-29 16:00:00',NULL),(1225,'1503205224','/data/IN_Photo/2/slr/1503205224.png',2,3,'2017-08-20 05:00:38','0','2017-08-29 16:00:00',NULL),(1226,'1503205260','/data/IN_Photo/2/slr/1503205260.png',2,3,'2017-08-20 05:01:17','0','2017-08-29 16:00:00',NULL),(1227,'1503205337','/data/IN_Photo/2/slr/1503205337.png',2,3,'2017-08-20 05:02:30','0','2017-08-29 16:00:00',NULL),(1228,'1503205406','/data/IN_Photo/2/slr/1503205406.png',2,3,'2017-08-20 05:03:42','0','2017-08-29 16:00:00',NULL),(1229,'1503205523','/data/IN_Photo/2/slr/1503205523.png',2,3,'2017-08-20 05:05:37','0','2017-08-29 16:00:00',NULL),(1230,'1503205578','/data/IN_Photo/2/slr/1503205578.png',2,3,'2017-08-20 05:06:29','0','2017-08-29 16:00:00',NULL),(1231,'1503205736','/data/IN_Photo/2/slr/1503205736.png',2,3,'2017-08-20 05:09:15','0','2017-08-29 16:00:00',NULL),(1232,'1503205826','/data/IN_Photo/2/slr/1503205826.png',2,3,'2017-08-20 05:10:44','0','2017-08-29 16:00:00',NULL),(1233,'1503206088','/data/IN_Photo/2/slr/1503206088.png',2,3,'2017-08-20 05:15:02','0','2017-08-29 16:00:00',NULL),(1234,'1503206140','/data/IN_Photo/2/slr/1503206140.png',2,3,'2017-08-20 05:15:54','0','2017-08-29 16:00:00',NULL),(1235,'1503206218','/data/IN_Photo/2/slr/1503206218.png',2,3,'2017-08-20 05:17:11','0','2017-08-29 16:00:00',NULL),(1236,'1503206278','/data/IN_Photo/2/slr/1503206278.png',2,3,'2017-08-20 05:18:10','0','2017-08-29 16:00:00',NULL),(1237,'1503206322','/data/IN_Photo/2/slr/1503206322.png',2,3,'2017-08-20 05:18:54','0','2017-08-29 16:00:00',NULL),(1238,'1503206375','/data/IN_Photo/2/slr/1503206375.png',2,3,'2017-08-20 05:19:46','0','2017-08-29 16:00:00',NULL),(1239,'1503206428','/data/IN_Photo/2/slr/1503206428.png',2,3,'2017-08-20 05:20:41','0','2017-08-29 16:00:00',NULL),(1240,'1503206521','/data/IN_Photo/2/slr/1503206521.png',2,3,'2017-08-20 05:22:19','0','2017-08-29 16:00:00',NULL),(1241,'1503206571','/data/IN_Photo/2/slr/1503206571.png',2,3,'2017-08-20 05:23:04','0','2017-08-29 16:00:00',NULL),(1242,'1503206633','/data/IN_Photo/2/slr/1503206633.png',2,3,'2017-08-20 05:24:08','0','2017-08-29 16:00:00',NULL),(1243,'1503206722','/data/IN_Photo/2/slr/1503206722.png',2,3,'2017-08-20 05:25:35','0','2017-08-29 16:00:00',NULL),(1244,'1503206779','/data/IN_Photo/2/slr/1503206779.png',2,3,'2017-08-20 05:26:31','0','2017-08-29 16:00:00',NULL),(1245,'1503206876','/data/IN_Photo/2/slr/1503206876.png',2,3,'2017-08-20 05:28:10','0','2017-08-29 16:00:00',NULL),(1246,'1503206979','/data/IN_Photo/2/slr/1503206979.png',2,3,'2017-08-20 05:29:52','0','2017-08-29 16:00:00',NULL),(1247,'1503207040','/data/IN_Photo/2/slr/1503207040.png',2,3,'2017-08-20 05:30:52','0','2017-08-29 16:00:00',NULL),(1248,'1503207067','/data/IN_Photo/2/slr/1503207067.png',2,3,'2017-08-20 05:31:19','0','2017-08-29 16:00:00',NULL),(1249,'1503207203','/data/IN_Photo/2/slr/1503207203.png',2,3,'2017-08-20 05:33:35','0','2017-08-29 16:00:00',NULL),(1250,'1503207264','/data/IN_Photo/2/slr/1503207264.png',2,3,'2017-08-20 05:34:38','0','2017-08-29 16:00:00',NULL),(1251,'1503207351','/data/IN_Photo/2/slr/1503207351.png',2,3,'2017-08-20 05:36:04','0','2017-08-29 16:00:00',NULL),(1252,'1503207471','/data/IN_Photo/2/slr/1503207471.png',2,3,'2017-08-20 05:38:07','0','2017-08-29 16:00:00',NULL),(1253,'1503207605','/data/IN_Photo/2/slr/1503207605.png',2,3,'2017-08-20 05:40:24','0','2017-08-29 16:00:00',NULL),(1254,'1503207726','/data/IN_Photo/2/slr/1503207726.png',2,3,'2017-08-20 05:42:17','0','2017-08-29 16:00:00',NULL),(1255,'1503207804','/data/IN_Photo/2/slr/1503207804.png',2,3,'2017-08-20 05:43:35','0','2017-08-29 16:00:00',NULL),(1256,'1503207869','/data/IN_Photo/2/slr/1503207869.png',2,3,'2017-08-20 05:44:44','0','2017-08-29 16:00:00',NULL),(1257,'1503208059','/data/IN_Photo/2/slr/1503208059.png',2,3,'2017-08-20 05:47:51','0','2017-08-29 16:00:00',NULL),(1258,'1503208189','/data/IN_Photo/2/slr/1503208189.png',2,3,'2017-08-20 05:50:04','0','2017-08-29 16:00:00',NULL),(1259,'1503208281','/data/IN_Photo/2/slr/1503208281.png',2,3,'2017-08-20 05:51:37','0','2017-08-29 16:00:00',NULL),(1260,'1503208374','/data/IN_Photo/2/slr/1503208374.png',2,3,'2017-08-20 05:53:09','0','2017-08-29 16:00:00',NULL),(1261,'1503208495','/data/IN_Photo/2/slr/1503208495.png',2,3,'2017-08-20 05:55:08','0','2017-08-29 16:00:00',NULL),(1262,'1503208588','/data/IN_Photo/2/slr/1503208588.png',2,3,'2017-08-20 05:56:40','0','2017-08-29 16:00:00',NULL),(1263,'1503208614','/data/IN_Photo/2/slr/1503208614.png',2,3,'2017-08-20 05:57:14','0','2017-08-29 16:00:00',NULL),(1264,'1503208693','/data/IN_Photo/2/slr/1503208693.png',2,3,'2017-08-20 05:58:26','0','2017-08-29 16:00:00',NULL),(1265,'1503208798','/data/IN_Photo/2/slr/1503208798.png',2,3,'2017-08-20 06:00:12','0','2017-08-29 16:00:00',NULL),(1266,'1503208851','/data/IN_Photo/2/slr/1503208851.png',2,3,'2017-08-20 06:01:05','0','2017-08-29 16:00:00',NULL),(1267,'1503208930','/data/IN_Photo/2/slr/1503208930.png',2,3,'2017-08-20 06:02:23','0','2017-08-29 16:00:00',NULL),(1268,'1503209009','/data/IN_Photo/2/slr/1503209009.png',2,3,'2017-08-20 06:03:45','0','2017-08-29 16:00:00',NULL),(1269,'1503209094','/data/IN_Photo/2/slr/1503209094.png',2,3,'2017-08-20 06:05:06','0','2017-08-29 16:00:00',NULL),(1270,'1503209225','/data/IN_Photo/2/slr/1503209225.png',2,3,'2017-08-20 06:07:24','0','2017-08-29 16:00:00',NULL),(1271,'1503209291','/data/IN_Photo/2/slr/1503209291.png',2,3,'2017-08-20 06:08:24','0','2017-08-29 16:00:00',NULL),(1272,'1503209344','/data/IN_Photo/2/slr/1503209344.png',2,3,'2017-08-20 06:09:21','0','2017-08-29 16:00:00',NULL),(1273,'1503209419','/data/IN_Photo/2/slr/1503209419.png',2,3,'2017-08-20 06:10:31','0','2017-08-29 16:00:00',NULL),(1274,'1503209482','/data/IN_Photo/2/slr/1503209482.png',2,3,'2017-08-20 06:11:35','0','2017-08-29 16:00:00',NULL),(1275,'1503209521','/data/IN_Photo/2/slr/1503209521.png',2,3,'2017-08-20 06:12:29','0','2017-08-29 16:00:00',NULL),(1276,'1503209583','/data/IN_Photo/2/slr/1503209583.png',2,3,'2017-08-20 06:13:21','0','2017-08-29 16:00:00',NULL),(1277,'1503209650','/data/IN_Photo/2/slr/1503209650.png',2,3,'2017-08-20 06:14:22','0','2017-08-29 16:00:00',NULL),(1278,'1503209722','/data/IN_Photo/2/slr/1503209722.png',2,3,'2017-08-20 06:15:35','0','2017-08-29 16:00:00',NULL),(1279,'1503209779','/data/IN_Photo/2/slr/1503209779.png',2,3,'2017-08-20 06:16:31','0','2017-08-29 16:00:00',NULL),(1280,'1503209827','/data/IN_Photo/2/slr/1503209827.png',2,3,'2017-08-20 06:17:24','0','2017-08-29 16:00:00',NULL),(1281,'1503209891','/data/IN_Photo/2/slr/1503209891.png',2,3,'2017-08-20 06:18:24','0','2017-08-29 16:00:00',NULL),(1282,'1503209935','/data/IN_Photo/2/slr/1503209935.png',2,3,'2017-08-20 06:19:05','0','2017-08-29 16:00:00',NULL),(1283,'1503209986','/data/IN_Photo/2/slr/1503209986.png',2,3,'2017-08-20 06:20:00','0','2017-08-29 16:00:00',NULL),(1284,'1503210062','/data/IN_Photo/2/slr/1503210062.png',2,3,'2017-08-20 06:21:14','0','2017-08-29 16:00:00',NULL),(1285,'1503210165','/data/IN_Photo/2/slr/1503210165.png',2,3,'2017-08-20 06:22:58','0','2017-08-29 16:00:00',NULL),(1286,'1503210216','/data/IN_Photo/2/slr/1503210216.png',2,3,'2017-08-20 06:23:52','0','2017-08-29 16:00:00',NULL),(1287,'1503210307','/data/IN_Photo/2/slr/1503210307.png',2,3,'2017-08-20 06:25:19','0','2017-08-29 16:00:00',NULL),(1288,'1503210422','/data/IN_Photo/2/slr/1503210422.png',2,3,'2017-08-20 06:27:15','0','2017-08-29 16:00:00',NULL),(1289,'1503210472','/data/IN_Photo/2/slr/1503210472.png',2,3,'2017-08-20 06:28:04','0','2017-08-29 16:00:00',NULL),(1290,'1503210556','/data/IN_Photo/2/slr/1503210556.png',2,3,'2017-08-20 06:29:28','0','2017-08-29 16:00:00',NULL),(1291,'1503210625','/data/IN_Photo/2/slr/1503210625.png',2,3,'2017-08-20 06:30:39','0','2017-08-29 16:00:00',NULL),(1292,'1503210665','/data/IN_Photo/2/slr/1503210665.png',2,3,'2017-08-20 06:31:19','0','2017-08-29 16:00:00',NULL),(1293,'1503210751','/data/IN_Photo/2/slr/1503210751.png',2,3,'2017-08-20 06:32:45','0','2017-08-29 16:00:00',NULL),(1294,'1503210844','/data/IN_Photo/2/slr/1503210844.png',2,3,'2017-08-20 06:34:16','0','2017-08-29 16:00:00',NULL),(1295,'1503210926','/data/IN_Photo/2/slr/1503210926.png',2,3,'2017-08-20 06:35:38','0','2017-08-29 16:00:00',NULL),(1296,'1503211027','/data/IN_Photo/2/slr/1503211027.png',2,3,'2017-08-20 06:37:18','0','2017-08-29 16:00:00',NULL),(1297,'1503211139','/data/IN_Photo/2/slr/1503211139.png',2,3,'2017-08-20 06:39:10','0','2017-08-29 16:00:00',NULL),(1298,'1503211210','/data/IN_Photo/2/slr/1503211210.png',2,3,'2017-08-20 06:40:25','0','2017-08-29 16:00:00',NULL),(1299,'1503211287','/data/IN_Photo/2/slr/1503211287.png',2,3,'2017-08-20 06:41:44','0','2017-08-29 16:00:00',NULL),(1300,'1503211360','/data/IN_Photo/2/slr/1503211360.png',2,3,'2017-08-20 06:42:57','0','2017-08-29 16:00:00',NULL),(1301,'1503211409','/data/IN_Photo/2/slr/1503211409.png',2,3,'2017-08-20 06:43:44','0','2017-08-29 16:00:00',NULL),(1302,'1503211484','/data/IN_Photo/2/slr/1503211484.png',2,3,'2017-08-20 06:44:57','0','2017-08-29 16:00:00',NULL),(1303,'1503211536','/data/IN_Photo/2/slr/1503211536.png',2,3,'2017-08-20 06:45:49','0','2017-08-29 16:00:00',NULL),(1304,'1503211646','/data/IN_Photo/2/slr/1503211646.png',2,3,'2017-08-20 06:47:41','0','2017-08-29 16:00:00',NULL),(1305,'1503211746','/data/IN_Photo/2/slr/1503211746.png',2,3,'2017-08-20 06:49:19','0','2017-08-29 16:00:00',NULL),(1306,'1503211804','/data/IN_Photo/2/slr/1503211804.png',2,3,'2017-08-20 06:50:18','0','2017-08-29 16:00:00',NULL),(1307,'1503211870','/data/IN_Photo/2/slr/1503211870.png',2,3,'2017-08-20 06:51:23','0','2017-08-29 16:00:00',NULL),(1308,'1503212022','/data/IN_Photo/2/slr/1503212022.png',2,3,'2017-08-20 06:53:55','0','2017-08-29 16:00:00',NULL),(1309,'1503212120','/data/IN_Photo/2/slr/1503212120.png',2,3,'2017-08-20 06:55:31','0','2017-08-29 16:00:00',NULL),(1310,'1503212218','/data/IN_Photo/2/slr/1503212218.png',2,3,'2017-08-20 06:57:11','0','2017-08-29 16:00:00',NULL),(1311,'1503212315','/data/IN_Photo/2/slr/1503212315.png',2,3,'2017-08-20 06:58:53','0','2017-08-29 16:00:00',NULL),(1312,'1503212412','/data/IN_Photo/2/slr/1503212412.png',2,3,'2017-08-20 07:00:25','0','2017-08-29 16:00:00',NULL),(1313,'1503212505','/data/IN_Photo/2/slr/1503212505.png',2,3,'2017-08-20 07:01:59','0','2017-08-29 16:00:00',NULL),(1314,'1503212554','/data/IN_Photo/2/slr/1503212554.png',2,3,'2017-08-20 07:02:47','0','2017-08-29 16:00:00',NULL),(1315,'1503212630','/data/IN_Photo/2/slr/1503212630.png',2,3,'2017-08-20 07:04:04','0','2017-08-29 16:00:00',NULL),(1316,'1503212739','/data/IN_Photo/2/slr/1503212739.png',2,3,'2017-08-20 07:05:51','0','2017-08-29 16:00:00',NULL),(1317,'1503212820','/data/IN_Photo/2/slr/1503212820.png',2,3,'2017-08-20 07:07:11','0','2017-08-29 16:00:00',NULL),(1318,'1503212897','/data/IN_Photo/2/slr/1503212897.png',2,3,'2017-08-20 07:08:29','0','2017-08-29 16:00:00',NULL),(1319,'1503212941','/data/IN_Photo/2/slr/1503212941.png',2,3,'2017-08-20 07:09:13','0','2017-08-29 16:00:00',NULL),(1320,'1503212998','/data/IN_Photo/2/slr/1503212998.png',2,3,'2017-08-20 07:10:10','0','2017-08-29 16:00:00',NULL),(1321,'1503213084','/data/IN_Photo/2/slr/1503213084.png',2,3,'2017-08-20 07:11:35','0','2017-08-29 16:00:00',NULL),(1322,'1503213153','/data/IN_Photo/2/slr/1503213153.png',2,3,'2017-08-20 07:12:45','0','2017-08-29 16:00:00',NULL),(1323,'1503213198','/data/IN_Photo/2/slr/1503213198.png',2,3,'2017-08-20 07:13:29','0','2017-08-29 16:00:00',NULL),(1324,'1503213256','/data/IN_Photo/2/slr/1503213256.png',2,3,'2017-08-20 07:14:29','0','2017-08-29 16:00:00',NULL),(1325,'1503213287','/data/IN_Photo/2/slr/1503213287.png',2,3,'2017-08-20 07:14:59','0','2017-08-29 16:00:00',NULL),(1326,'1503213327','/data/IN_Photo/2/slr/1503213327.png',2,3,'2017-08-20 07:15:42','0','2017-08-29 16:00:00',NULL),(1327,'1503213431','/data/IN_Photo/2/slr/1503213431.png',2,3,'2017-08-20 07:17:25','0','2017-08-29 16:00:00',NULL),(1328,'1503213493','/data/IN_Photo/2/slr/1503213493.png',2,3,'2017-08-20 07:18:25','0','2017-08-29 16:00:00',NULL),(1329,'1503213706','/data/IN_Photo/2/slr/1503213706.png',2,3,'2017-08-20 07:22:04','0','2017-08-29 16:00:00',NULL),(1330,'1503213779','/data/IN_Photo/2/slr/1503213779.png',2,3,'2017-08-20 07:23:10','0','2017-08-29 16:00:00',NULL),(1331,'1503213888','/data/IN_Photo/2/slr/1503213888.png',2,3,'2017-08-20 07:25:00','0','2017-08-29 16:00:00',NULL),(1332,'1503213929','/data/IN_Photo/2/slr/1503213929.png',2,3,'2017-08-20 07:25:40','0','2017-08-29 16:00:00',NULL),(1333,'1503213970','/data/IN_Photo/2/slr/1503213970.png',2,3,'2017-08-20 07:26:24','0','2017-08-29 16:00:00',NULL),(1334,'1503214133','/data/IN_Photo/2/slr/1503214133.png',2,3,'2017-08-20 07:29:04','0','2017-08-29 16:00:00',NULL),(1335,'1503214184','/data/IN_Photo/2/slr/1503214184.png',2,3,'2017-08-20 07:29:57','0','2017-08-29 16:00:00',NULL),(1336,'1503214219','/data/IN_Photo/2/slr/1503214219.png',2,3,'2017-08-20 07:30:30','0','2017-08-29 16:00:00',NULL),(1337,'1503214256','/data/IN_Photo/2/slr/1503214256.png',2,3,'2017-08-20 07:31:08','0','2017-08-29 16:00:00',NULL),(1338,'1503214338','/data/IN_Photo/2/slr/1503214338.png',2,3,'2017-08-20 07:32:31','0','2017-08-29 16:00:00',NULL),(1339,'1503214814','/data/IN_Photo/2/slr/1503214814.png',2,3,'2017-08-20 07:40:25','0','2017-08-29 16:00:00',NULL),(1340,'1503214867','/data/IN_Photo/2/slr/1503214867.png',2,3,'2017-08-20 07:41:19','0','2017-08-29 16:00:00',NULL),(1341,'1503214931','/data/IN_Photo/2/slr/1503214931.png',2,3,'2017-08-20 07:42:25','0','2017-08-29 16:00:00',NULL),(1342,'1503215058','/data/IN_Photo/2/slr/1503215058.png',2,3,'2017-08-20 07:44:30','0','2017-08-29 16:00:00',NULL),(1343,'1503215106','/data/IN_Photo/2/slr/1503215106.png',2,3,'2017-08-20 07:45:18','0','2017-08-29 16:00:00',NULL),(1344,'1503215157','/data/IN_Photo/2/slr/1503215157.png',2,3,'2017-08-20 07:46:14','0','2017-08-29 16:00:00',NULL),(1345,'1503215244','/data/IN_Photo/2/slr/1503215244.png',2,3,'2017-08-20 07:47:39','0','2017-08-29 16:00:00',NULL),(1346,'1503215313','/data/IN_Photo/2/slr/1503215313.png',2,3,'2017-08-20 07:48:44','0','2017-08-29 16:00:00',NULL),(1347,'1503215402','/data/IN_Photo/2/slr/1503215402.png',2,3,'2017-08-20 07:50:14','0','2017-08-29 16:00:00',NULL),(1348,'1503215504','/data/IN_Photo/2/slr/1503215504.png',2,3,'2017-08-20 07:51:56','0','2017-08-29 16:00:00',NULL),(1349,'1503215577','/data/IN_Photo/2/slr/1503215577.png',2,3,'2017-08-20 07:53:09','0','2017-08-29 16:00:00',NULL),(1350,'1503215814','/data/IN_Photo/2/slr/1503215814.png',2,3,'2017-08-20 07:57:09','0','2017-08-29 16:00:00',NULL),(1351,'1503215948','/data/IN_Photo/2/slr/1503215948.png',2,3,'2017-08-20 07:59:25','0','2017-08-29 16:00:00',NULL),(1352,'1503216006','/data/IN_Photo/2/slr/1503216006.png',2,3,'2017-08-20 08:00:18','0','2017-08-29 16:00:00',NULL),(1353,'1503216051','/data/IN_Photo/2/slr/1503216051.png',2,3,'2017-08-20 08:01:05','0','2017-08-29 16:00:00',NULL),(1354,'1503216132','/data/IN_Photo/2/slr/1503216132.png',2,3,'2017-08-20 08:02:24','0','2017-08-29 16:00:00',NULL),(1355,'1503216272','/data/IN_Photo/2/slr/1503216272.png',2,3,'2017-08-20 08:04:48','0','2017-08-29 16:00:00',NULL),(1356,'1503216341','/data/IN_Photo/2/slr/1503216341.png',2,3,'2017-08-20 08:05:52','0','2017-08-29 16:00:00',NULL),(1357,'1503216419','/data/IN_Photo/2/slr/1503216419.png',2,3,'2017-08-20 08:07:12','0','2017-08-29 16:00:00',NULL),(1358,'1503216513','/data/IN_Photo/2/slr/1503216513.png',2,3,'2017-08-20 08:08:53','0','2017-08-29 16:00:00',NULL),(1359,'1503216563','/data/IN_Photo/2/slr/1503216563.png',2,3,'2017-08-20 08:09:41','1','2017-08-22 07:34:26','2017-09-21 07:34:26'),(1360,'1503216614','/data/IN_Photo/2/slr/1503216614.png',2,3,'2017-08-20 08:10:28','1','2017-08-22 07:34:26','2017-09-21 07:34:26'),(1361,'1503216662','/data/IN_Photo/2/slr/1503216662.png',2,3,'2017-08-20 08:11:15','1','2017-08-22 07:34:26','2017-09-21 07:34:26'),(1362,'1503216800','/data/IN_Photo/2/slr/1503216800.png',2,3,'2017-08-20 08:13:34','1','2017-08-22 07:34:26','2017-09-21 07:34:26'),(1363,'1503216876','/data/IN_Photo/2/slr/1503216876.png',2,3,'2017-08-20 08:14:52','1','2017-08-22 07:34:26','2017-09-21 07:34:26'),(1364,'1503217043','/data/IN_Photo/2/slr/1503217043.png',2,3,'2017-08-20 08:17:39','1','2017-08-22 07:34:26','2017-09-21 07:34:26'),(1365,'1503217228','/data/IN_Photo/2/slr/1503217228.png',2,3,'2017-08-20 08:20:43','1','2017-08-22 07:34:26','2017-09-21 07:34:26'),(1366,'1503217360','/data/IN_Photo/2/slr/1503217360.png',2,3,'2017-08-20 08:23:03','1','2017-08-22 07:34:26','2017-09-21 07:34:26'),(1367,'1503217417','/data/IN_Photo/2/slr/1503217417.png',2,3,'2017-08-20 08:23:50','1','2017-08-22 07:34:26','2017-09-21 07:34:26'),(1368,'1323486966','/data/IN_Photo/2/gif1/1323486966.gif',2,2,'2017-08-21 03:16:51','0','2017-08-29 16:00:00',NULL),(1369,'1323487352','/data/IN_Photo/2/gif1/1323487352.gif',2,2,'2017-08-21 03:23:15','0','2017-08-29 16:00:00',NULL),(1370,'1323500351','/data/IN_Photo/2/gif1/1323500351.gif',2,2,'2017-08-21 07:00:03','0','2017-08-29 16:00:00',NULL),(1371,'1323500589','/data/IN_Photo/2/gif1/1323500589.gif',2,2,'2017-08-21 07:03:56','0','2017-08-29 16:00:00',NULL),(1372,'1323501000','/data/IN_Photo/2/gif1/1323501000.gif',2,2,'2017-08-21 07:10:46','0','2017-08-29 16:00:00',NULL),(1373,'1323501239','/data/IN_Photo/2/gif1/1323501239.gif',2,2,'2017-08-21 07:14:56','0','2017-08-29 16:00:00',NULL),(1374,'5495496206','/data/IN_Photo/2/slr/5495496206.jpg',2,3,'2017-08-22 06:59:32','1','2017-08-22 07:34:26','2017-09-21 07:34:26'),(1375,'7625101581','/data/IN_Photo/2/slr/7625101581.jpg',2,3,'2017-08-22 07:00:00','1','2017-08-22 07:34:12','2017-09-21 07:34:12');
/*!40000 ALTER TABLE `media_data` ENABLE KEYS */;
UNLOCK TABLES;

--
-- Table structure for table `pic_webinfo`
--

DROP TABLE IF EXISTS `pic_webinfo`;
/*!40101 SET @saved_cs_client     = @@character_set_client */;
/*!40101 SET character_set_client = utf8 */;
CREATE TABLE `pic_webinfo` (
  `pic_webinfo_id` bigint(20) NOT NULL AUTO_INCREMENT,
  `user_id` bigint(20) NOT NULL,
  `category_id` int(3) NOT NULL,
  `page_title` varchar(20) DEFAULT NULL,
  `background` varchar(255) DEFAULT NULL,
  `picture_top` float(5,2) DEFAULT NULL,
  `picture_left` float(5,2) DEFAULT NULL,
  `picture_right` float(5,2) DEFAULT NULL,
  `picture_bottom` float(5,2) DEFAULT NULL,
  `pic_webinfo_state` char(1) DEFAULT NULL,
  PRIMARY KEY (`pic_webinfo_id`)
) ENGINE=InnoDB AUTO_INCREMENT=5 DEFAULT CHARSET=utf8;
/*!40101 SET character_set_client = @saved_cs_client */;

--
-- Dumping data for table `pic_webinfo`
--

LOCK TABLES `pic_webinfo` WRITE;
/*!40000 ALTER TABLE `pic_webinfo` DISABLE KEYS */;
INSERT INTO `pic_webinfo` VALUES (1,2,3,'11111','/data/IN_Photo/2/settings/settings_pic_75635.png',10.00,10.00,10.00,10.00,'1'),(2,2,3,'11111','/data/IN_Photo/2/settings/settings_pic_75635.png',10.00,10.00,10.00,10.00,'0'),(3,1,3,'1111111','/data/IN_Photo/1/settings/settings_pic_18241.png',10.00,10.00,10.00,10.00,'1'),(4,1,3,'1111111','/data/IN_Photo/1/settings/settings_pic_18241.png',10.00,10.00,10.00,10.00,'0');
/*!40000 ALTER TABLE `pic_webinfo` ENABLE KEYS */;
UNLOCK TABLES;

--
-- Table structure for table `share_data`
--

DROP TABLE IF EXISTS `share_data`;
/*!40101 SET @saved_cs_client     = @@character_set_client */;
/*!40101 SET character_set_client = utf8 */;
CREATE TABLE `share_data` (
  `share_data_id` bigint(20) NOT NULL AUTO_INCREMENT,
  `user_id` bigint(20) NOT NULL,
  `category_id` int(3) NOT NULL,
  `media_id` bigint(20) NOT NULL,
  `share_time` timestamp NOT NULL DEFAULT CURRENT_TIMESTAMP,
  `share_type` char(2) NOT NULL,
  PRIMARY KEY (`share_data_id`)
) ENGINE=InnoDB AUTO_INCREMENT=34 DEFAULT CHARSET=utf8;
/*!40101 SET character_set_client = @saved_cs_client */;

--
-- Dumping data for table `share_data`
--

LOCK TABLES `share_data` WRITE;
/*!40000 ALTER TABLE `share_data` DISABLE KEYS */;
INSERT INTO `share_data` VALUES (1,1,4,592,'2017-08-14 05:48:37','0'),(2,1,3,587,'2017-08-17 01:16:22','0'),(3,1,3,587,'2017-08-17 01:18:04','0'),(4,1,3,587,'2017-08-17 01:19:02','0'),(5,1,3,587,'2017-08-17 01:19:09','0'),(6,1,3,587,'2017-08-17 01:19:17','0'),(7,1,3,587,'2017-08-17 01:19:28','0'),(8,1,3,587,'2017-08-17 01:20:06','0'),(9,1,3,587,'2017-08-17 01:20:25','0'),(10,1,3,587,'2017-08-17 01:27:13','0'),(11,1,3,587,'2017-08-17 01:28:22','0'),(12,1,3,587,'2017-08-17 01:30:27','0'),(13,1,3,587,'2017-08-17 01:30:46','0'),(14,1,3,587,'2017-08-17 01:43:21','0'),(15,1,3,587,'2017-08-17 01:44:56','0'),(16,1,3,587,'2017-08-17 01:46:35','0'),(17,1,3,587,'2017-08-17 01:48:08','0'),(18,1,3,587,'2017-08-17 01:49:54','0'),(19,1,3,587,'2017-08-17 01:59:57','0'),(20,1,3,587,'2017-08-17 02:00:51','0'),(21,1,3,587,'2017-08-17 02:01:08','0'),(22,1,3,587,'2017-08-17 02:02:44','0'),(23,1,3,587,'2017-08-17 02:02:58','0'),(24,1,3,587,'2017-08-17 02:04:00','0'),(25,1,2,368,'2017-08-17 02:04:36','0'),(26,1,2,368,'2017-08-17 02:05:18','0'),(27,1,3,587,'2017-08-17 02:05:18','0'),(28,1,3,587,'2017-08-17 02:11:30','0'),(29,2,3,1337,'2017-08-22 06:04:22','0'),(30,2,3,1337,'2017-08-22 06:05:09','0'),(31,2,3,1367,'2017-08-22 07:02:41','0'),(32,2,3,1367,'2017-08-22 07:03:07','0'),(33,2,3,1367,'2017-08-22 07:04:17','0');
/*!40000 ALTER TABLE `share_data` ENABLE KEYS */;
UNLOCK TABLES;

--
-- Table structure for table `share_info`
--

DROP TABLE IF EXISTS `share_info`;
/*!40101 SET @saved_cs_client     = @@character_set_client */;
/*!40101 SET character_set_client = utf8 */;
CREATE TABLE `share_info` (
  `share_info_id` bigint(20) NOT NULL AUTO_INCREMENT,
  `user_id` bigint(20) NOT NULL,
  `category_id` int(3) NOT NULL,
  `share_moments_title` varchar(45) DEFAULT NULL,
  `share_moments_icon` varchar(255) DEFAULT NULL,
  `share_chats_title` varchar(45) DEFAULT NULL,
  `share_chats_text` varchar(255) DEFAULT NULL,
  `share_chats_icon` varchar(255) DEFAULT NULL,
  PRIMARY KEY (`share_info_id`)
) ENGINE=InnoDB DEFAULT CHARSET=utf8;
/*!40101 SET character_set_client = @saved_cs_client */;

--
-- Dumping data for table `share_info`
--

LOCK TABLES `share_info` WRITE;
/*!40000 ALTER TABLE `share_info` DISABLE KEYS */;
/*!40000 ALTER TABLE `share_info` ENABLE KEYS */;
UNLOCK TABLES;

--
-- Table structure for table `user_category`
--

DROP TABLE IF EXISTS `user_category`;
/*!40101 SET @saved_cs_client     = @@character_set_client */;
/*!40101 SET character_set_client = utf8 */;
CREATE TABLE `user_category` (
  `user_category_id` bigint(20) NOT NULL AUTO_INCREMENT,
  `user_id` bigint(20) NOT NULL,
  `pay_time` timestamp NOT NULL DEFAULT CURRENT_TIMESTAMP,
  `begin_time` timestamp NULL DEFAULT NULL,
  `end_time` timestamp NULL DEFAULT NULL,
  `media_number` int(10) DEFAULT NULL,
  `category_id` int(3) DEFAULT NULL,
  `user_category_state` char(1) DEFAULT NULL,
  PRIMARY KEY (`user_category_id`)
) ENGINE=InnoDB AUTO_INCREMENT=22 DEFAULT CHARSET=utf8;
/*!40101 SET character_set_client = @saved_cs_client */;

--
-- Dumping data for table `user_category`
--

LOCK TABLES `user_category` WRITE;
/*!40000 ALTER TABLE `user_category` DISABLE KEYS */;
INSERT INTO `user_category` VALUES (15,2,'2017-06-12 08:19:25','2017-06-12 08:19:25','2017-07-12 08:19:25',1000,1,'1'),(16,2,'2017-06-12 08:19:25','2017-06-12 08:19:25','2017-07-12 08:19:25',1000,2,'1'),(17,2,'2017-06-12 08:19:25','2017-06-12 08:19:25','2017-07-12 08:19:25',1000,3,'1'),(18,2,'2017-08-04 04:00:00','2017-08-04 04:00:00','2018-09-04 04:00:00',1000,5,'0'),(19,2,'2017-08-22 05:20:24','2017-08-21 16:00:00','2018-08-21 16:00:00',10000,2,'0'),(20,2,'2017-08-22 05:20:38','2017-08-21 16:00:00','2018-08-21 16:00:00',10000,3,'0'),(21,11,'2017-08-22 09:16:47','2017-08-21 16:00:00','2018-08-21 16:00:00',10000,3,'0');
/*!40000 ALTER TABLE `user_category` ENABLE KEYS */;
UNLOCK TABLES;

--
-- Table structure for table `users`
--

DROP TABLE IF EXISTS `users`;
/*!40101 SET @saved_cs_client     = @@character_set_client */;
/*!40101 SET character_set_client = utf8 */;
CREATE TABLE `users` (
  `user_id` bigint(20) NOT NULL AUTO_INCREMENT COMMENT '用户id号',
  `user_name` varchar(20) DEFAULT NULL COMMENT '用户名',
  `password` varchar(50) NOT NULL COMMENT '密码',
  `create_time` timestamp NOT NULL DEFAULT CURRENT_TIMESTAMP COMMENT '用户创建时间',
  `phone` varchar(20) DEFAULT NULL COMMENT '用户手机号',
  `email` varchar(50) DEFAULT NULL COMMENT '用户邮箱',
  `company` varchar(255) DEFAULT NULL COMMENT '用户公司',
  `user_state` char(1) DEFAULT NULL COMMENT '用户状态',
  `note` varchar(255) DEFAULT NULL COMMENT '备注',
  `admin_id` int(11) NOT NULL,
  PRIMARY KEY (`user_id`),
  UNIQUE KEY `user_name_UNIQUE` (`user_name`),
  UNIQUE KEY `email_UNIQUE` (`email`),
  UNIQUE KEY `phone_UNIQUE` (`phone`)
) ENGINE=InnoDB AUTO_INCREMENT=12 DEFAULT CHARSET=utf8;
/*!40101 SET character_set_client = @saved_cs_client */;

--
-- Dumping data for table `users`
--

LOCK TABLES `users` WRITE;
/*!40000 ALTER TABLE `users` DISABLE KEYS */;
INSERT INTO `users` VALUES (2,'inshow','C01C624C6E877C2782B7435EFD0290C8','2017-06-12 05:10:39','18817774173','chen.ming@in-show.com.cn','上海赢秀多媒体科技有限公司','0',NULL,1),(11,'chenming','292903B8139FA4593619D52C706DC03B','2017-08-22 09:16:37','17087950984','245996149@qq.com','上海赢秀多媒体科技有限公司','0',NULL,6);
/*!40000 ALTER TABLE `users` ENABLE KEYS */;
UNLOCK TABLES;
/*!40103 SET TIME_ZONE=@OLD_TIME_ZONE */;

/*!40101 SET SQL_MODE=@OLD_SQL_MODE */;
/*!40014 SET FOREIGN_KEY_CHECKS=@OLD_FOREIGN_KEY_CHECKS */;
/*!40014 SET UNIQUE_CHECKS=@OLD_UNIQUE_CHECKS */;
/*!40101 SET CHARACTER_SET_CLIENT=@OLD_CHARACTER_SET_CLIENT */;
/*!40101 SET CHARACTER_SET_RESULTS=@OLD_CHARACTER_SET_RESULTS */;
/*!40101 SET COLLATION_CONNECTION=@OLD_COLLATION_CONNECTION */;
/*!40111 SET SQL_NOTES=@OLD_SQL_NOTES */;

-- Dump completed on 2017-08-22 17:19:06
